5,
4.31499,
3.54542,
4.17923,
4.92731,
3.9589,
4.05375,
4.54699,
4.91068,
4.72733,
3.84905,
3.96605,
4.24759,
4.36433,
4.63597,
4.89929,
4.70992,
4.35793,
4.89101,
4.76073,
4.38933,
4.99557,
4.66835,
4.10094,
5,
4.29822,
4.46011,
4.80044,
4.51866,
4.55819,
4.81961,
4.59482,
4.12477,
4.49597,
3.47294,
4.21908,
4.90278,
4.80435,
4.30351,
3.00401,
3.50234,
3.60151,
4.25547,
4.46043,
3.50495,
1.94778,
2.73242,
3.47612,
5,
4.72181,
4.79028,
4.57941,
4.14405,
3.10491,
3.3185,
4.3947,
4.87641,
4.68335,
4.04731,
4.80767,
4.49665,
4.61113,
4.99949,
4.65018,
4.65468,
4.01499,
4.23485,
4.81692,
4.96715,
4.34001,
4.38664,
4.54102,
5,
4.80817,
3.59045,
3.82131,
3.83133,
3.95504,
4.14442,
3.08823,
3.10815,
3.62541,
4.14488,
4.61688,
4.15296,
3.11934,
3.28787,
3.88236,
4.2582,
3.5145,
3.54112,
4.18949,
3.32897,
3.83621,
3.99494,
4.72747,
5,
4.41739,
3.57518,
4.39158,
4.55841,
4.78103,
4.22624,
4.3672,
3.17536,
3.37201,
3.48996,
3.60092,
4.28905,
3.17558,
3.73957,
4.07227,
4.16328,
4.58016,
4.58658,
3.75889,
4.24082,
4.24357,
4.43332,
4.46208,
5,
4.99682,
4.91099,
4.35648,
4.76956,
4.77796,
4.79423,
4.27263,
4.49892,
3.93363,
4.74056,
4.01933,
4.32751,
3.61397,
4.20527,
4.79879,
4.25146,
4.6725,
4.00025,
2.63805,
2.73048,
3.21346,
3.89953,
4.34885,
5,
4.87634,
3.97747,
4.06466,
4.15708,
3.17696,
3.40276,
3.47517,
3.78221,
3.99494,
4.08046,
4.10432,
4.25353,
4.51777,
4.60264,
4.80201,
4.13301,
4.87251,
4.88642,
4.43675,
3.65614,
3.8385,
4.00842,
4.64416,
5,
4.58938,
4.8342,
4.10479,
4.55991,
4.77777,
4.98798,
4.64467,
4.72389,
4.44728,
4.54102,
4.75049,
3.63785,
4.06185,
4.25191,
4.69368,
4.81875,
4.40731,
3.64006,
3.78308,
2.48445,
2.95459,
2.9817,
3.7412,
5,
4.6683,
4.77511,
4.90264,
4.54301,
4.62468,
4.7415,
4.41608,
4.57709,
4.92326,
4.75852,
4.84088,
4.94434,
4.65845,
3.86913,
3.99555,
4.09901,
2.90301,
3.5118,
3.77585,
3.88917,
4.5347,
4.56046,
4.62041,
5,
4.77456,
3.95637,
4.29848,
4.8074,
4.09227,
4.17391,
4.8909,
4.77462,
4.89159,
4.26083,
4.63112,
4.79027,
3.72465,
3.92838,
3.9341,
4.12039,
4.29558,
4.45523,
4.63445,
3.92208,
4.69474,
4.75761,
4.39136,
5,
4.96209,
4.63048,
3.80171,
3.93489,
4.121,
4.30778,
4.59937,
4.95525,
4.52095,
4.58155,
3.89562,
4.52649,
3.69747,
3.80027,
4.52417,
4.69565,
4.08669,
4.74353,
4.87544,
4.51942,
4.99904,
4.56164,
4.90795,
5,
4.80013,
4.58995,
3.85469,
4.42169,
4.58334,
4.82971,
4.24749,
4.41717,
4.88512,
4.12038,
3.11918,
3.60751,
3.61972,
3.92244,
4.0534,
4.34942,
3.68722,
3.99169,
4.10739,
4.68711,
4.11614,
4.29915,
4.80885,
5,
4.73981,
4.99135,
4.46124,
4.5694,
4.84595,
4.98475,
4.86626,
4.68599,
4.27925,
4.29974,
3.42284,
4.10082,
4.56876,
4.73802,
3.91379,
4.48322,
3.94892,
4.06775,
4.72727,
4.93159,
4.55597,
4.91739,
4.78035,
5,
4.7293,
4.83887,
3.55007,
4.39247,
3.67698,
4.06142,
4.68804,
4.12975,
4.71103,
4.40672,
4.52671,
4.6944,
4.29153,
4.78052,
4.91935,
4.47041,
4.8952,
4.91809,
4.99942,
4.39813,
4.76943,
4.92115,
4.33838,
5,
4.7932,
4.81536,
3.76012,
4.10387,
4.35576,
3.55859,
4.23793,
4.29997,
4.33514,
3.57451,
4.14321,
4.82226,
3.31431,
3.64786,
4.14529,
4.77124,
4.40027,
4.84278,
3.81807,
4.51635,
4.95984,
4.54153,
4.81526,
5,
4.75196,
4.47281,
4.99004,
4.43273,
3.49287,
3.51509,
3.91318,
4.02687,
4.40127,
4.92741,
4.80152,
4.90266,
4.53665,
3.38131,
4.18265,
4.53798,
4.01135,
4.05003,
4.08009,
4.44733,
4.9689,
4.51727,
3.9695,
5,
4.51291,
4.98691,
4.41078,
4.64827,
4.77516,
4.97009,
4.70506,
3.99212,
4.46182,
4.56561,
4.62531,
4.90486,
4.48991,
3.84257,
4.09719,
4.65395,
4.94855,
4.07539,
4.34908,
4.35857,
4.66414,
4.94791,
3.86604,
5,
4.61233,
3.90915,
4.82303,
4.21663,
4.36457,
3.69501,
3.97215,
4.44023,
3.55007,
4.49124,
3.89354,
4.34814,
4.80783,
4.97807,
4.99936,
4.56585,
4.6094,
4.90399,
4.47313,
3.66475,
3.88035,
4.34456,
4.58615,
5,
4.53594,
4.58094,
4.88715,
4.3649,
4.92805,
4.28117,
4.62044,
3.92133,
4.62428,
4.17873,
4.26448,
4.80188,
4.17534,
4.3786,
4.91184,
4.69865,
4.98242,
4.72344,
4.29793,
4.56461,
4.6109,
4.88781,
3.95857,
5,
4.06806,
4.12443,
4.20657,
3.1767,
3.20442,
3.65024,
3.68784,
3.93215,
4.54019,
4.9883,
4.40539,
3.77847,
4.51143,
4.60723,
3.96347,
2.7045,
3.2761,
3.36631,
3.41617,
3.92345,
4.84245,
4.62905,
4.67008,
5,
4.90283,
4.74642,
4.89818,
4.78745,
4.96982,
4.7378,
4.89668,
4.75816,
4.40177,
4.59582,
3.75785,
4.11142,
4.17682,
4.34241,
4.76952,
4.93766,
4.96157,
4.85072,
4.98872,
4.96332,
4.67785,
4.26053,
4.58385,
5,
4.16471,
4.47036,
3.4661,
3.9528,
4.2327,
4.42046,
4.92753,
4.97159,
4.60909,
4.11583,
4.21863,
4.67367,
4.83846,
4.2707,
4.73546,
4.2284,
4.24741,
4.31863,
4.441,
4.54535,
3.87374,
4.48542,
4.88084,
5,
4.0639,
4.42858,
4.74848,
4.76648,
4.48651,
4.95627,
4.37009,
3.43978,
3.76418,
4.41624,
4.69078,
4.35674,
4.86985,
4.31895,
4.38998,
3.67137,
3.85575,
4.563,
4.6493,
3.83788,
4.19715,
4.61318,
4.65001,
5,
4.93726,
4.86004,
3.8729,
4.23279,
4.32086,
3.59929,
3.83111,
4.64471,
4.81444,
4.10663,
4.36328,
3.55867,
4.05216,
3.07218,
3.53113,
4.57315,
4.90896,
4.6138,
3.85869,
4.07811,
4.59942,
3.67145,
4.55629,
5,
4.96031,
4.59447,
4.78041,
4.94006,
4.95209,
4.8471,
4.8548,
4.56787,
3.86233,
4.83363,
4.66137,
4.2326,
4.34396,
4.64875,
4.84211,
4.67406,
4.88219,
4.38083,
4.91932,
4.40604,
3.2999,
3.74508,
3.77944,
5,
4.71673,
4.34887,
4.93037,
4.94243,
4.73676,
4.86226,
3.94785,
4.04019,
4.19782,
4.41987,
4.78227,
4.89845,
4.37531,
4.82373,
4.87292,
4.10281,
4.4419,
4.56945,
4.01317,
4.13819,
4.42314,
3.63099,
3.7854,
5,
4.55199,
4.02183,
4.02952,
4.52994,
4.85982,
3.97526,
4.14741,
3.12472,
3.37163,
3.79658,
4.22734,
4.72766,
4.4038,
3.04237,
3.27203,
3.32605,
3.77801,
4.19676,
4.59379,
3.70753,
3.93256,
4.09607,
4.09627,
5,
4.85333,
4.94213,
4.98338,
4.4926,
3.61472,
4.39897,
4.64569,
4.70455,
4.24338,
3.45389,
3.59838,
4.32597,
4.39372,
4.648,
4.78375,
3.90464,
3.91962,
4.00333,
4.71063,
4.36793,
4.70778,
4.32073,
4.47172,
5,
4.51899,
4.68606,
4.2212,
4.27643,
4.83608,
4.96399,
4.67133,
3.97451,
4.01375,
4.10791,
4.1768,
4.80334,
4.9414,
4.99552,
4.92044,
3.96916,
4.50882,
4.96469,
4.67034,
4.99596,
3.84069,
4.35356,
4.85972,
5,
4.61951,
3.34004,
3.41681,
3.46704,
4.12963,
4.18244,
3.27769,
3.41731,
3.64092,
3.74272,
4.18724,
4.40944,
4.81476,
4.41447,
4.84878,
4.16377,
4.50067,
4.78266,
4.53324,
4.70073,
4.29128,
3.26136,
3.26237,
5,
4.93996,
4.73186,
4.83928,
3.83981,
4.93425,
4.81315,
4.08239,
3.07659,
3.09863,
3.11983,
3.95789,
3.97028,
4.22907,
4.40535,
4.4363,
4.43895,
4.85746,
4.92402,
4.80819,
4.26086,
4.46413,
4.59941,
4.61932,
5,
4.30779,
4.52675,
4.64766,
4.03068,
4.94711,
4.39511,
4.64245,
4.95833,
4.36895,
3.62184,
4.22579,
4.43522,
4.56272,
3.73651,
3.86656,
3.9338,
4.19281,
3.35208,
3.88432,
4.01868,
4.15237,
4.36667,
4.59253,
5,
4.59005,
4.72376,
4.93995,
4.17325,
3.25528,
3.34404,
3.81073,
4.09921,
4.23978,
4.33777,
4.64511,
4.86066,
4.99918,
4.39866,
4.49301,
4.86025,
4.21569,
4.56656,
4.67476,
3.98655,
4.55784,
4.86317,
3.59518,
5,
4.92214,
4.09851,
4.76252,
4.38467,
4.826,
4.35527,
4.49441,
4.82404,
4.59192,
3.45752,
3.64196,
4.19917,
4.35685,
4.57513,
4.03109,
4.55676,
4.79419,
4.83287,
4.40082,
4.45428,
4.62382,
3.36706,
3.3673,
5,
4.84999,
4.3353,
4.58929,
4.0787,
4.95477,
4.569,
4.59675,
4.04798,
4.9268,
4.62522,
4.17161,
3.13143,
3.20379,
3.34016,
4.03489,
4.40095,
3.68885,
4.4954,
4.90772,
4.95085,
4.86872,
4.52512,
4.93129,
5,
4.26181,
4.77477,
4.9875,
4.00934,
4.13402,
4.82983,
4.11827,
4.12663,
4.43566,
3.59837,
3.83445,
4.51454,
4.62455,
3.8334,
3.92025,
3.94619,
4.38963,
3.7681,
4.84897,
4.23858,
4.40149,
4.82199,
4.01008,
5,
4.78918,
3.89061,
4.01991,
4.51784,
4.77487,
4.99028,
4.75214,
3.90514,
4.27413,
4.5658,
4.6345,
4.75616,
4.06246,
4.3325,
4.50229,
3.56854,
3.89851,
4.46524,
4.6526,
4.7165,
4.75761,
4.94866,
4.47964,
5,
4.5663,
4.72712,
3.41709,
4.02183,
4.08275,
4.11311,
4.21546,
3.05178,
3.12032,
3.3798,
4.24867,
4.47287,
4.6487,
4.75206,
4.00677,
4.05796,
4.52824,
4.6985,
4.0023,
4.03075,
4.60313,
3.98639,
4.49222,
5,
4.62445,
4.02879,
4.77315,
4.90601,
4.15439,
4.79733,
4.85437,
4.87206,
4.64295,
4.75825,
4.48391,
4.82508,
4.56418,
4.70114,
4.82267,
4.51447,
3.61427,
3.87998,
4.11467,
4.56961,
4.76917,
4.86373,
4.47375,
5,
4.71335,
4.84328,
4.85706,
4.41378,
3.45319,
3.8555,
4.64179,
4.92694,
4.7176,
4.30366,
4.30644,
4.66552,
3.90121,
4.57942,
4.60907,
4.70944,
4.85479,
4.62379,
4.81444,
3.3629,
3.58073,
3.74293,
4.89399,
5,
4.91962,
4.74797,
4.35481,
4.90376,
4.68023,
4.9527,
4.35824,
4.55847,
3.75877,
4.986,
4.22679,
4.24088,
4.58887,
4.13449,
4.44931,
4.55691,
4.88298,
3.89877,
4.30442,
4.76262,
4.439,
3.79962,
4.00998,
5,
4.92415,
4.49097,
4.5057,
4.56826,
4.7165,
3.88912,
2.65974,
3.07585,
3.56746,
4.11196,
4.17419,
4.67178,
4.85414,
4.87766,
4.34492,
4.82422,
4.96664,
4.59753,
4.07472,
3.14359,
3.63293,
3.67217,
3.75619,
5,
4.5636,
3.49351,
3.95488,
4.186,
3.26867,
3.81458,
4.57351,
4.79202,
4.0218,
4.29065,
4.69007,
4.32937,
4.39617,
4.591,
4.69776,
3.66442,
4.61043,
4.63965,
4.08092,
4.66718,
4.09371,
4.80585,
4.91781,
5,
4.89537,
4.27318,
4.82437,
4.4064,
4.55238,
4.73145,
4.75649,
4.86532,
4.01886,
4.54658,
4.65827,
4.6914,
4.75572,
4.43707,
4.95906,
4.55986,
4.07964,
4.56162,
4.86275,
4.51265,
3.83275,
4.41999,
4.49449,
5,
4.66864,
3.99491,
4.47531,
3.09759,
4.7,
4.29997,
4.45933,
4.61054,
4.89617,
4.086,
4.42404,
4.87104,
4.331,
4.43368,
4.58237,
4.75475,
4.18899,
3.36837,
4.79007,
4.56847,
4.99957,
4.55657,
4.59165,
5,
4.57069,
3.92644,
4.31436,
4.60557,
4.12895,
4.26659,
4.60619,
4.73938,
4.17939,
4.75791,
4.79863,
4.18957,
4.57132,
4.63843,
3.94295,
4.66549,
4.95835,
4.66347,
3.72281,
4.47993,
4.83825,
4.46839,
4.76435,
5,
4.70868,
4.30437,
3.10188,
3.94414,
4.1994,
4.56692,
4.58058,
4.64132,
4.21313,
4.53097,
3.7718,
4.03123,
4.54672,
3.63554,
4.29673,
3.5356,
3.84812,
4.88142,
3.99219,
4.18644,
4.49253,
4.5639,
4.7068,
5,
4.21628,
4.51987,
4.02035,
2.88826,
3.41988,
3.77998,
4.1942,
4.76125,
4.23705,
4.85577,
3.69558,
4.05151,
2.78457,
2.95568,
3.05156,
3.60311,
3.64067,
4.01425,
2.99491,
3.28821,
3.54957,
3.82336,
4.02723,
5,
4.55741,
4.77238,
4.94272,
4.64222,
4.77068,
4.46371,
4.66893,
4.89125,
4.65939,
3.94696,
4.11879,
4.19683,
4.28476,
4.48637,
4.84192,
4.91241,
4.6547,
4.23173,
4.76019,
3.47405,
4.20307,
4.89454,
4.40533,
5,
4.93124,
4.73129,
4.15337,
4.43337,
4.87754,
4.61237,
3.93589,
4.56723,
4.88798,
3.66198,
4.3911,
4.39195,
3.34111,
3.9292,
4.52959,
4.72696,
3.70433,
4.57775,
4.68016,
4.90142,
3.91353,
3.96217,
3.96815,
5,
4.87182,
4.94458,
4.70229,
4.89466,
4.3106,
4.56874,
4.60671,
3.66104,
3.81571,
4.46197,
4.68238,
4.77108,
4.82642,
4.08648,
4.13843,
4.89359,
4.04422,
4.93791,
4.73893,
4.74277,
4.98477,
4.85125,
4.62594,
5,
4.88387,
4.91617,
4.60446,
4.86159,
4.93651,
4.24849,
4.84061,
4.26656,
3.35201,
3.40838,
4.39876,
4.69651,
4.09925,
4.42129,
3.39036,
3.86847,
2.72278,
3.02489,
3.17192,
3.458,
3.85842,
4.05642,
4.78064,
5,
4.89693,
3.86869,
4.09549,
4.23405,
4.85538,
4.54189,
3.8591,
4.57562,
3.68445,
3.72724,
4.52396,
4.9063,
3.81781,
3.98779,
4.24769,
4.38657,
4.71628,
4.77759,
4.82296,
4.18774,
4.65306,
4.97123,
4.73687,
5,
4.54781,
4.68416,
4.82683,
4.39377,
4.99465,
4.85042,
4.27281,
4.96367,
4.64041,
4.18458,
4.61984,
4.8447,
4.44099,
3.47303,
3.67531,
4.01199,
4.42732,
3.59757,
3.78146,
4.40632,
4.4856,
4.89419,
4.65754,
5,
4.11505,
4.83322,
4.98864,
4.40682,
4.66149,
4.31125,
4.98802,
4.49216,
3.82117,
3.90275,
4.76036,
3.91879,
3.99122,
4.50873,
4.51967,
3.72558,
3.88005,
3.95398,
4.38413,
4.71074,
4.03385,
4.52627,
3.89556,
5,
4.06308,
4.09214,
4.31558,
4.59968,
4.89137,
4.94336,
4.98414,
4.91532,
4.32368,
3.07418,
3.52931,
4.11229,
4.85969,
4.63922,
3.79148,
4.25295,
3.0924,
4.12833,
4.61114,
4.68462,
4.10466,
4.50076,
4.91965,
5,
4.00828,
4.74235,
4.27235,
4.31362,
4.6663,
4.83514,
4.50814,
4.7356,
4.19669,
4.48641,
4.69177,
4.85668,
4.96633,
3.61884,
3.97881,
2.93367,
3.69814,
3.93622,
4.38756,
3.75349,
3.76322,
4.40655,
4.62259,
5,
4.7327,
4.23663,
4.92191,
4.37242,
4.86183,
4.61524,
4.19411,
4.51477,
3.89557,
4.0239,
4.08213,
4.30318,
4.73814,
4.98914,
4.63987,
4.71747,
4.97259,
4.98549,
4.86697,
4.93909,
4.42001,
3.36388,
4.14612,
5,
4.54798,
4.86972,
4.4086,
3.52905,
3.83034,
4.00195,
4.94387,
4.83242,
4.34081,
4.50476,
4.91865,
4.33494,
4.39531,
4.61657,
4.89798,
4.95375,
4.76705,
4.35077,
4.39627,
4.66791,
3.81894,
3.92377,
4.32436,
5,
4.55562,
4.65328,
4.6774,
3.96341,
4.27616,
4.36512,
4.4054,
4.4106,
3.66786,
4.14519,
4.2633,
4.46964,
4.76241,
4.13549,
4.497,
4.69947,
4.17777,
4.18347,
4.26242,
4.6317,
3.89581,
4.64418,
4.20785,
5,
4.90126,
4.93775,
4.58342,
4.70199,
4.79806,
4.99954,
4.78115,
4.28206,
4.32638,
4.75642,
4.37098,
4.94686,
4.40696,
4.79529,
4.12892,
4.20292,
4.38212,
3.68704,
4.26642,
4.36233,
4.79861,
4.8933,
4.90568,
5,
4.89246,
4.5572,
4.61854,
4.23022,
4.88279,
4.73371,
4.23886,
4.35321,
4.40535,
4.86677,
3.02044,
3.20669,
3.45864,
3.71656,
4.37208,
4.92258,
4.20457,
4.46377,
3.36314,
4.03794,
4.12889,
4.29458,
4.57391,
5,
4.71251,
4.79813,
4.88195,
4.60051,
4.81882,
4.3736,
4.92947,
4.63664,
4.82663,
4.57133,
4.85847,
4.35105,
4.67919,
4.68046,
4.26344,
4.58861,
4.86024,
4.60062,
3.50514,
3.88536,
4.78178,
4.28977,
4.59021,
5,
4.91668,
4.24658,
4.44251,
3.73343,
4.85666,
4.89122,
4.46163,
3.52788,
4.06261,
4.53718,
4.07205,
4.28153,
4.80003,
4.88699,
4.18458,
4.38987,
4.53276,
4.76772,
4.53056,
4.85106,
4.21197,
4.58389,
4.85676,
5,
4.01396,
4.13955,
4.15981,
4.25411,
4.42302,
4.439,
4.77723,
4.48937,
4.57481,
4.02415,
4.1052,
4.34848,
4.63663,
4.24203,
4.28958,
4.46537,
4.64113,
4.68188,
3.72136,
4.56541,
4.09379,
4.45706,
4.80447,
5,
4.35713,
4.72816,
4.42738,
4.64209,
4.99758,
4.3227,
3.45162,
3.81787,
3.93297,
4.07385,
3.08124,
3.1994,
3.30242,
3.41524,
4.13017,
4.15978,
4.43633,
3.87204,
4.01891,
4.15159,
4.17845,
4.22927,
2.89369,
5,
4.81242,
4.99256,
4.26967,
4.81576,
4.52074,
4.75952,
4.34688,
4.72417,
3.32674,
3.53356,
3.63425,
4.20408,
4.31481,
4.38744,
4.70741,
3.44918,
3.73906,
3.77875,
3.85669,
4.21699,
4.65987,
4.95059,
4.59804,
5,
4.60412,
4.02648,
4.26756,
4.33157,
4.51009,
4.60649,
4.7166,
4.11093,
4.92324,
3.97393,
4.20125,
4.75615,
3.98934,
4.109,
4.69016,
4.31867,
4.41085,
4.49082,
4.69894,
4.18351,
3.31372,
3.31988,
3.48895,
5,
4.72132,
4.84655,
4.63717,
4.1415,
4.47128,
4.75787,
4.16608,
4.1994,
4.23682,
3.33423,
3.38398,
3.56055,
3.97085,
4.10719,
3.0248,
3.4359,
4.32359,
4.53768,
4.0517,
4.79218,
4.2668,
4.41099,
4.67138,
5,
4.8646,
3.86331,
3.93386,
4.17413,
4.45872,
3.57496,
4.04662,
4.20941,
3.24462,
3.94335,
4.45466,
4.5766,
3.5571,
3.60683,
4.40788,
3.63776,
4.27741,
4.65227,
4.10116,
4.61723,
4.82699,
4.59735,
4.86439,
5,
4.22757,
4.64271,
4.08109,
4.42812,
4.63408,
4.74158,
3.94829,
4.6747,
4.18138,
3.15062,
4.20198,
4.55245,
3.94056,
4.38225,
4.86395,
4.45367,
4.76779,
3.37255,
3.56269,
3.72907,
4.4096,
4.9048,
4.51666,
5,
4.01895,
4.52771,
4.54977,
3.90399,
4.41051,
4.57774,
4.94717,
4.28738,
4.45845,
4.81461,
4.8484,
4.31928,
4.33359,
4.4873,
4.95841,
3.79852,
4.19681,
4.96079,
4.67247,
3.70279,
4.17836,
4.24683,
3.26195,
5,
4.38399,
3.60989,
3.97398,
4.32106,
3.25833,
3.35197,
4.09929,
4.27978,
4.82422,
4.36231,
4.44126,
4.9601,
4.85163,
4.06879,
4.08406,
4.12876,
4.20981,
4.52963,
3.48817,
4.3999,
4.66302,
4.12592,
4.40425,
5,
4.77956,
3.98428,
4.78794,
4.85405,
4.42143,
4.74765,
4.16389,
4.18035,
4.63331,
4.25682,
4.29908,
4.51037,
4.60402,
3.64786,
4.12765,
4.32449,
3.4062,
3.58419,
4.14346,
4.17948,
4.53725,
4.72872,
4.7387,
5,
4.51731,
4.79418,
4.39079,
4.95064,
4.88577,
4.1206,
4.27329,
4.71658,
4.81521,
3.82149,
4.20124,
3.34674,
3.68481,
3.75909,
4.13481,
4.92535,
4.70191,
3.9371,
4.07462,
4.22233,
4.32629,
3.13878,
3.74916,
5,
4.37282,
4.69901,
4.02568,
4.17788,
4.42474,
4.56815,
4.90005,
4.42629,
3.74637,
4.42838,
4.52281,
4.57899,
4.04432,
4.14945,
4.49287,
4.95749,
4.5973,
4.61881,
4.19756,
4.2197,
4.65646,
4.97265,
4.05252,
5,
4.03543,
4.74716,
4.35657,
4.84566,
4.55831,
4.60727,
4.62778,
4.22382,
4.27463,
4.34131,
4.46469,
4.57344,
3.94317,
4.22749,
4.55845,
4.6339,
4.87046,
4.35441,
4.61885,
3.80896,
4.07501,
4.51748,
4.02915,
5,
4.47829,
3.31341,
3.92763,
4.63243,
4.11408,
4.33118,
4.61919,
4.16956,
4.57709,
4.01845,
4.69928,
4.91996,
4.45593,
4.54114,
4.83289,
4.28475,
3.34599,
3.37882,
3.9574,
4.75976,
4.3456,
4.88469,
4.44243,
5,
4.84452,
4.85554,
3.95937,
4.05375,
4.09551,
4.26972,
3.42712,
4.04947,
4.45585,
4.95331,
4.30446,
3.26246,
3.62589,
4.29159,
3.51083,
3.7611,
3.87562,
4.13035,
4.1399,
4.74293,
4.41915,
3.50037,
3.87698,
5,
4.50549,
4.84633,
4.48932,
3.71624,
3.85364,
4.30141,
4.79409,
4.43419,
3.50671,
3.58607,
3.64543,
4.5776,
4.87297,
4.13446,
4.55023,
4.74611,
3.88846,
4.39399,
3.73573,
4.53355,
4.61271,
4.14649,
4.62791,
5,
4.99461,
4.14731,
4.40293,
4.73021,
4.81507,
4.87251,
4.38434,
4.41093,
4.42832,
4.60426,
3.62781,
3.70839,
4.05407,
4.5366,
4.717,
4.86985,
4.99258,
4.73116,
4.40593,
4.54809,
3.80519,
4.28012,
4.64712,
5,
4.89471,
4.52253,
3.50778,
4.35729,
4.88704,
4.91669,
4.57519,
4.74322,
4.86161,
4.38882,
3.77209,
3.94898,
4.02655,
4.86484,
4.60798,
3.81035,
4.03898,
4.27849,
4.86661,
4.40642,
4.51303,
4.60673,
3.38951,
5,
4.70046,
4.85155,
4.93792,
4.12735,
4.32958,
4.58703,
4.63757,
4.26261,
4.64248,
4.12122,
4.28533,
4.62428,
4.81691,
4.52807,
4.78478,
4.53643,
4.74714,
4.78601,
3.991,
4.92747,
4.9279,
4.57173,
4.04224,
5,
4.73996,
4.1936,
4.43548,
3.72105,
3.78724,
4.25923,
4.69627,
4.2986,
4.8878,
4.65211,
4.22997,
4.54159,
3.89963,
4.85759,
4.92229,
4.51747,
4.64302,
4.27034,
4.55664,
4.69757,
4.38104,
3.61508,
3.7499,
5,
4.9696,
4.7794,
3.78922,
3.93523,
4.37585,
4.59055,
4.93849,
4.49138,
4.72444,
4.76281,
4.97041,
4.60892,
4.73583,
4.3099,
4.97726,
4.36011,
3.46345,
3.69753,
3.81907,
3.83509,
4.31896,
4.42132,
4.9489,
5,
4.90085,
4.93953,
4.54702,
4.93568,
4.28456,
2.79654,
2.81437,
3.55624,
4.02671,
4.36258,
4.37882,
4.39517,
4.48238,
4.48642,
3.8751,
4.32997,
4.81695,
4.49253,
4.89621,
4.02867,
4.07242,
4.78598,
4.01622,
5,
4.11878,
4.18129,
3.32471,
4.21909,
4.50494,
4.92508,
4.3805,
3.4807,
4.04702,
2.91883,
3.30904,
3.32799,
3.87566,
2.2603,
2.88791,
3.72612,
3.81213,
4.14872,
4.54299,
4.64191,
4.2299,
4.61561,
4.80143,
5,
4.5614,
4.09435,
4.29509,
4.70173,
4.75346,
4.83348,
4.13373,
4.27541,
3.49907,
3.56424,
3.8299,
4.17318,
4.79042,
4.38636,
4.77288,
4.94044,
4.85818,
4.41255,
4.51012,
4.76037,
3.92525,
4.27715,
4.36874,
5,
4.99972,
4.94873,
4.61034,
4.97206,
4.45683,
4.76313,
4.43107,
4.61634,
4.84852,
4.8871,
4.45463,
3.90143,
4.27608,
4.56991,
3.54134,
4.41637,
4.89989,
4.94871,
4.8265,
4.61276,
3.76605,
4.08025,
4.27872,
5,
4.06303,
4.12725,
4.25984,
4.65514,
3.94967,
4.68252,
4.99772,
4.30764,
3.33958,
3.47081,
3.87636,
4.82318,
4.32056,
4.58771,
4.98598,
4.70637,
3.92744,
4.35623,
4.56491,
4.72856,
4.86502,
4.91913,
3.93534,
5,
4.57028,
4.81275,
4.34897,
4.76844,
4.84178,
4.64825,
4.72056,
4.85217,
4.4432,
3.81193,
3.96486,
4.47024,
4.56389,
4.61557,
4.97992,
4.19515,
4.85798,
4.66458,
4.84713,
4.36379,
4.81845,
4.28628,
4.30132,
5,
4.04603,
4.37296,
4.39472,
4.61205,
4.92357,
4.56206,
3.91136,
4.0158,
4.06371,
4.72458,
4.95162,
3.8581,
4.06149,
4.49626,
4.87494,
4.41828,
4.79516,
4.95065,
4.98486,
4.04731,
4.22707,
3.43604,
3.6618,
5,
4.2737,
4.53357,
4.85892,
4.8995,
4.25134,
3.31688,
3.72375,
3.73501,
3.8467,
3.94012,
4.51276,
4.70716,
4.17519,
4.33718,
4.71051,
4.15038,
4.40129,
4.66068,
4.18398,
4.42991,
4.69078,
4.71008,
4.32528,
5,
4.93122,
4.38021,
3.61738,
3.64429,
4.10341,
4.525,
4.8535,
4.94179,
4.54119,
4.68295,
4.86056,
4.99565,
4.03273,
4.69754,
4.33583,
4.8333,
4.61605,
4.04103,
4.62557,
4.68394,
4.81625,
4.88246,
4.89858,
5,
4.8376,
4.66579,
4.84048,
4.8476,
4.26925,
4.70896,
3.91629,
4.3339,
3.39119,
3.6016,
3.91518,
4.20227,
4.63432,
4.97635,
4.65085,
3.7814,
3.99474,
4.46475,
4.70584,
4.26269,
4.55383,
4.61541,
3.97627,
5,
4.22555,
4.67355,
4.33563,
4.49763,
3.53308,
3.61234,
3.8392,
4.30262,
4.30957,
4.92678,
4.32856,
3.41637,
3.54592,
4.05823,
4.60893,
3.57929,
3.64752,
4.47222,
4.47309,
4.5514,
4.69123,
4.93624,
4.46663,
5,
4.83484,
4.93408,
4.71055,
4.88179,
4.35111,
4.38056,
4.72586,
4.27264,
4.64522,
4.25902,
3.45235,
3.77625,
4.19791,
4.64299,
4.72249,
4.1667,
2.93049,
3.45251,
3.69012,
3.75187,
3.82119,
4.12961,
3.04737,
5,
4.46215,
4.80395,
4.44204,
4.82201,
4.52735,
4.8241,
4.04851,
4.55934,
4.71772,
4.7285,
4.20866,
4.30713,
4.5075,
4.64459,
3.78343,
3.80171,
4.50828,
3.55395,
3.64169,
3.66309,
3.76918,
3.79135,
3.96905,
5,
4.84949,
4.46807,
4.65333,
4.9312,
4.79676,
4.90491,
4.47075,
3.81356,
4.30409,
3.42295,
3.83048,
4.2022,
4.3699,
3.22202,
3.93614,
4.48421,
3.74916,
4.34454,
4.49284,
4.80171,
4.11413,
4.14635,
4.87209,
5,
4.92206,
4.81511,
4.45654,
4.51186,
4.7333,
4.84677,
4.05633,
4.33423,
4.95422,
4.33996,
4.66402,
4.87659,
4.67941,
4.29485,
4.64783,
4.90524,
4.12025,
4.33815,
4.67686,
4.78143,
4.95424,
4.40827,
3.70693,
5,
4.52727,
4.63689,
4.13385,
4.28307,
4.6003,
3.28552,
4.12938,
4.48337,
3.70564,
4.04449,
4.53044,
3.98569,
4.33844,
4.83634,
4.9942,
4.52425,
4.5926,
4.67993,
4.15983,
4.96183,
4.60884,
4.71813,
4.94365,
5,
4.19262,
4.69439,
4.8203,
4.24626,
4.98092,
4.45498,
4.70741,
3.67322,
3.80396,
3.86363,
4.0489,
4.57726,
4.76626,
4.04044,
4.67772,
4.69659,
4.83088,
4.46771,
4.69981,
4.0955,
3.16538,
3.64023,
3.94134,
5,
4.751,
4.88898,
4.96994,
4.72794,
4.08913,
4.42501,
4.64474,
4.8951,
4.61053,
4.73372,
4.83593,
3.82772,
4.12606,
4.7347,
3.55916,
3.83749,
4.03928,
4.34168,
4.49208,
4.63749,
4.11833,
4.51943,
4.9924,
5,
4.76915,
4.41478,
4.58508,
4.90589,
4.41442,
3.69712,
3.73688,
4.34636,
4.37318,
4.56832,
3.86789,
4.00789,
4.31088,
4.57932,
3.91113,
4.74964,
4.97008,
4.97243,
4.56324,
4.75657,
4.90404,
4.9735,
4.99997,
5,
4.74523,
4.92624,
4.32132,
4.80942,
4.51156,
3.66772,
4.56756,
4.6969,
4.94257,
4.72942,
4.93344,
4.25425,
4.33782,
4.50269,
4.84681,
4.29904,
4.37807,
4.46066,
4.7203,
3.83731,
4.0492,
4.60195,
4.68353,
5,
4.77383,
4.15546,
2.82496,
3.13334,
3.39465,
4.10137,
4.90624,
4.77545,
3.70487,
3.79157,
4.00242,
4.4337,
4.76823,
3.71412,
4.16366,
4.4097,
3.80972,
2.61313,
3.16002,
3.41731,
4.2692,
4.80587,
4.49259,
5,
4.9809,
4.92132,
4.71751,
4.73395,
4.73395,
4.76541,
4.85852,
4.69728,
4.86203,
4.99256,
4.16419,
4.52933,
4.58921,
4.88371,
4.64185,
3.95559,
4.50468,
4.60186,
3.56603,
3.58591,
3.61086,
4.19871,
4.30237,
5,
4.85539,
4.91111,
4.27372,
4.97753,
3.84161,
4.60051,
4.68819,
4.0063,
4.1178,
4.21971,
4.41299,
3.33039,
3.45156,
3.4811,
3.66755,
3.83308,
3.85368,
4.06947,
4.43965,
4.7289,
4.75338,
3.93286,
4.47215,
5,
4.6917,
4.26197,
4.30172,
4.34058,
4.35119,
4.51755,
4.81723,
4.52237,
4.81653,
4.36913,
4.45776,
4.50983,
4.58955,
4.87574,
4.64048,
4.84074,
4.48031,
4.8454,
4.286,
4.34667,
4.66073,
4.03389,
4.89772,
5,
4.24673,
4.45684,
4.98582,
4.41283,
3.82537,
4.1442,
4.23766,
4.39997,
3.60953,
4.19276,
3.17807,
3.46339,
3.58316,
4.06258,
4.18046,
4.79511,
4.04984,
4.32031,
4.65633,
3.76564,
3.85372,
4.33036,
4.49976,
5,
4.20464,
4.48569,
3.5103,
4.11077,
4.40368,
4.43709,
4.46706,
3.72628,
3.8016,
4.61876,
4.7947,
4.99603,
4.95786,
4.62119,
4.17971,
4.27026,
3.53296,
3.77632,
4.0377,
4.179,
4.59713,
4.16712,
4.54869,
5,
4.8743,
4.37106,
3.62195,
4.17497,
4.28702,
4.66882,
4.17541,
4.61484,
4.78981,
4.09842,
4.60476,
3.60672,
3.81033,
4.67405,
3.90102,
4.33105,
4.72277,
4.99706,
4.66491,
4.7471,
4.25029,
4.71435,
4.19003,
5,
4.8318,
4.40675,
3.65125,
3.89764,
4.07615,
4.08835,
4.71041,
4.71406,
4.7311,
4.33661,
3.62362,
4.62028,
4.98198,
4.57403,
4.09884,
4.19549,
4.41017,
4.78944,
4.4532,
4.70799,
4.2508,
4.54705,
4.92607,
5,
4.28248,
4.79779,
4.87264,
4.63881,
4.2369,
4.66921,
4.90887,
4.9183,
4.57686,
3.69109,
4.567,
4.95672,
4.56295,
4.78598,
4.39593,
4.6509,
4.89338,
4.73867,
4.77249,
4.85505,
4.57705,
4.92446,
4.96399,
5,
4.61925,
3.83592,
4.2036,
4.36221,
4.70395,
4.73765,
4.97144,
4.02035,
4.2266,
4.4211,
4.91775,
4.76703,
4.83837,
4.22611,
4.43275,
4.7048,
4.20175,
4.81509,
4.56317,
4.78975,
4.50791,
4.76342,
4.29473,
5,
4.22086,
3.41235,
3.55706,
4.27715,
4.9376,
4.55943,
4.58074,
3.81677,
4.11293,
4.67613,
4.26113,
4.29861,
4.78459,
4.95536,
4.44351,
3.76024,
4.08877,
4.21894,
4.32301,
4.57364,
4.95138,
4.1225,
4.53732,
5,
4.3252,
4.53736,
4.78614,
4.36193,
4.47961,
4.51639,
4.52854,
4.75471,
4.88794,
4.92546,
4.73849,
4.22477,
4.35066,
3.45725,
3.62388,
3.82464,
4.25061,
4.84755,
4.48142,
4.76459,
4.84735,
4.1855,
4.31952,
5,
4.9251,
4.72715,
3.9054,
4.28023,
4.33203,
4.94266,
4.37427,
4.72782,
4.06343,
4.33132,
4.90724,
4.29983,
2.87874,
3.31775,
3.67962,
4.41579,
4.70016,
4.71589,
4.2051,
4.81061,
4.01635,
4.16777,
4.24551,
5,
4.98475,
4.85756,
4.3768,
4.39292,
4.52745,
4.60182,
3.94085,
4.16565,
4.52061,
4.74903,
4.40046,
4.45188,
3.81598,
4.26563,
4.99707,
4.75224,
4.90071,
4.9688,
4.71772,
4.73434,
3.10627,
3.85368,
3.9626,
5,
3.83371,
4.19329,
4.84562,
4.05101,
4.29724,
3.21061,
3.93963,
4.13023,
4.63394,
4.11496,
4.13213,
4.20267,
4.23015,
4.60717,
3.95647,
4.62479,
4.84645,
4.33769,
4.64837,
4.06955,
4.14336,
4.77741,
4.22445,
5,
4.86031,
4.50643,
4.53833,
4.70145,
4.02164,
4.12855,
4.33737,
4.45195,
4.70493,
4.29415,
4.43322,
4.70806,
4.82268,
4.57871,
4.13445,
3.14619,
3.48324,
4.17042,
4.36467,
4.45801,
4.79064,
4.20895,
4.62409,
5,
4.42285,
4.70976,
4.73644,
4.8559,
4.55122,
4.7366,
4.97213,
4.97608,
4.90139,
4.68468,
4.88162,
4.48211,
4.7149,
4.10264,
4.41508,
4.89242,
4.91327,
4.63772,
3.74385,
3.79068,
3.94046,
4.61331,
4.05987,
5,
4.55561,
4.66665,
4.91446,
3.7694,
4.15392,
4.66341,
4.04721,
4.58074,
4.90989,
4.96009,
4.96245,
4.30479,
4.74263,
4.47279,
3.66812,
3.81609,
3.99764,
4.30015,
4.3404,
4.71468,
4.80835,
4.58456,
4.05665,
5,
4.50203,
4.58418,
3.80836,
3.82011,
4.40109,
4.70665,
4.93708,
4.13807,
4.37229,
4.60868,
3.98456,
4.00179,
4.84842,
4.44158,
4.61473,
4.67248,
4.82389,
4.60184,
4.97787,
4.67403,
4.93956,
4.42205,
4.79245,
5,
4.85496,
4.26732,
4.75635,
4.41313,
3.18945,
3.32405,
3.55132,
3.92859,
4.44178,
4.90137,
4.15183,
4.3795,
4.77544,
4.4068,
4.91707,
4.06738,
4.33734,
4.61867,
4.88483,
4.43423,
3.63926,
4.51764,
3.97345,
5,
4.98085,
4.67779,
4.84208,
4.67159,
4.67569,
4.95233,
3.78087,
3.85898,
4.19973,
4.3561,
4.52423,
3.4227,
3.4395,
3.91499,
4.10967,
4.12137,
4.5996,
4.85642,
4.92012,
4.82471,
4.09541,
4.64407,
4.16539,
5,
4.93757,
4.95353,
4.96058,
4.81496,
4.4332,
4.56857,
4.03609,
4.05703,
4.14955,
4.15899,
4.28967,
4.88101,
4.74736,
4.4293,
4.5591,
4.66408,
3.94537,
4.12654,
4.72652,
3.77734,
3.79798,
3.84492,
4.25714,
5,
4.18993,
4.43263,
4.90422,
4.11021,
4.39983,
4.92364,
4.96364,
4.17667,
3.01641,
3.14187,
3.66008,
3.83937,
4.49329,
4.60381,
4.74772,
4.25604,
4.82138,
4.2818,
4.29549,
4.3125,
4.53004,
4.89684,
4.53085,
5,
4.24062,
4.26954,
3.07486,
3.19729,
3.26566,
3.37223,
3.81973,
3.87879,
4.68069,
4.18602,
4.27332,
4.41172,
3.77143,
3.84198,
4.06615,
4.59841,
4.12218,
4.23367,
2.96934,
3.4751,
3.96103,
4.15989,
4.32655,
5,
4.55305,
4.06696,
4.30488,
4.3433,
3.57906,
4.14994,
4.2084,
4.57827,
4.83409,
4.15062,
4.51127,
4.53731,
4.84782,
4.35151,
4.466,
4.61561,
4.6317,
4.14553,
4.31552,
4.78233,
4.37875,
4.79908,
4.4481,
5,
4.54183,
4.60737,
4.09824,
4.34051,
4.53834,
3.79593,
4.04596,
2.83491,
3.31966,
3.33862,
3.6886,
4.51383,
4.53172,
3.94906,
4.1606,
4.60709,
4.18221,
4.32912,
4.58947,
4.70602,
4.37081,
2.7841,
3.59802,
5,
4.97739,
4.84024,
4.53671,
4.54775,
4.75744,
4.84135,
4.31057,
3.28214,
3.42178,
3.81299,
3.84967,
4.25209,
3.31241,
3.47714,
3.70162,
3.91648,
3.95893,
4.15933,
3.29422,
3.87471,
4.34251,
4.76824,
4.86582,
5,
4.07453,
4.71339,
4.02065,
4.04681,
3.07737,
4.0508,
4.40407,
3.77196,
4.37314,
4.84433,
4.85887,
4.98188,
4.81867,
4.25423,
4.47595,
4.48945,
4.96951,
4.27199,
4.27225,
4.50449,
4.85839,
3.65996,
4.55974,
5,
4.99602,
4.07764,
4.72878,
4.01724,
4.1382,
4.40091,
3.533,
3.683,
4.15287,
4.79033,
4.18545,
3.12502,
3.88237,
4.21505,
4.42927,
4.65179,
3.66953,
3.89548,
4.19392,
4.9815,
4.4841,
4.58523,
4.61127,
5,
4.76384,
3.82162,
4.17788,
4.49218,
4.72827,
4.28253,
4.9765,
4.32804,
4.76982,
4.24774,
4.61811,
4.03779,
4.04951,
4.59959,
4.78067,
4.85361,
4.01133,
4.15155,
4.61915,
4.81745,
4.16048,
4.23558,
4.48816,
5,
4.41081,
4.63709,
4.9866,
4.28125,
4.64786,
4.92396,
4.05405,
4.41373,
4.79965,
4.11017,
4.91198,
4.57039,
3.77997,
3.92762,
4.78079,
4.48092,
4.57264,
4.11948,
4.51149,
4.63787,
4.19266,
4.78516,
4.56362,
5,
3.92249,
4.56823,
4.75707,
4.94885,
4.6926,
4.84818,
4.95535,
4.24863,
4.51943,
4.67297,
4.96339,
4.7025,
3.93781,
4.80059,
4.80264,
4.93511,
4.39281,
3.37385,
3.43881,
3.53761,
3.87365,
4.91046,
4.29798,
5,
4.57686,
4.68048,
4.33915,
4.64266,
3.8949,
4.95183,
4.88706,
4.75838,
4.08841,
4.23646,
4.98208,
4.92193,
4.31007,
4.60534,
4.95085,
4.27895,
4.33256,
4.77202,
3.72168,
3.96112,
4.27663,
4.32032,
4.72074,
5,
4.88898,
4.56896,
4.78463,
4.95482,
4.36968,
4.62349,
4.74762,
3.14186,
3.63834,
4.06554,
2.96455,
3.10003,
3.46825,
4.275,
4.79661,
3.89857,
2.49012,
2.61671,
2.86722,
3.30579,
3.41797,
4.36566,
4.47953,
5,
4.32087,
3.59868,
4.19421,
4.90643,
4.67447,
3.70339,
3.93687,
4.10713,
4.93977,
4.76039,
4.43285,
4.77611,
4.1319,
4.37084,
4.38873,
3.77498,
4.13496,
4.61739,
4.7332,
4.87801,
4.31013,
4.46607,
4.64902,
5,
4.75679,
4.80799,
4.3239,
3.33246,
3.57082,
4.32036,
4.45241,
4.8875,
4.35025,
4.6141,
4.92532,
4.78386,
3.80255,
4.41543,
4.99417,
4.91311,
4.44216,
4.54416,
3.76816,
3.84346,
4.19053,
4.42299,
4.87586,
5,
3.79228,
4.1383,
3.00405,
3.0784,
3.50854,
3.805,
4.91531,
4.23985,
4.6861,
4.74713,
3.82248,
3.98574,
2.76782,
2.95759,
3.01361,
3.09754,
3.33418,
3.44638,
3.49191,
3.90469,
3.91043,
2.41637,
2.42948,
5,
4.6765,
4.21144,
4.54293,
4.68564,
4.04336,
4.07102,
4.62762,
4.07281,
4.11768,
4.52312,
4.87523,
4.68598,
4.88985,
4.28272,
4.54224,
4.82665,
3.95646,
4.19323,
4.81449,
4.83838,
4.93793,
4.59468,
4.0317,
5,
4.33734,
3.66408,
3.93688,
4.00572,
4.13093,
4.21144,
4.72779,
4.06589,
4.74217,
4.84914,
3.54727,
3.81565,
4.36265,
4.82817,
4.46345,
4.70605,
4.84059,
4.89821,
4.9627,
4.44752,
3.79134,
4.07691,
3.06006,
5,
4.92345,
4.4726,
3.72661,
4.74345,
4.32865,
4.90153,
4.96206,
4.4435,
4.64642,
3.72822,
3.86003,
4.02472,
4.51996,
4.56516,
3.30491,
3.65138,
3.7392,
3.87148,
4.13918,
4.76291,
4.1023,
4.66179,
4.77483,
5,
4.20192,
4.65449,
4.09014,
2.882,
3.72841,
4.01534,
4.54912,
3.90811,
4.8272,
4.57756,
4.05041,
4.10782,
4.25343,
4.34049,
4.46961,
4.72875,
4.19577,
4.24628,
4.32827,
4.66513,
4.22066,
4.55438,
3.7839,
5,
4.06455,
4.47881,
4.69901,
4.29543,
3.41534,
3.56984,
4.04597,
4.39878,
4.51886,
4.83573,
4.98585,
4.92293,
4.7063,
4.82343,
4.88495,
4.9442,
4.58374,
4.80371,
4.10713,
4.30852,
4.59616,
3.72437,
3.89243,
5,
3.68356,
3.96099,
4.67928,
3.62444,
4.06712,
4.8193,
4.83752,
4.2697,
4.6095,
4.73916,
3.54329,
3.60819,
4.21949,
4.55301,
4.55516,
4.68306,
4.84444,
3.92356,
4.71496,
4.80027,
4.34574,
4.55985,
4.83724,
5,
4.83239,
3.83655,
4.16301,
4.88447,
3.95701,
4.2599,
4.32248,
4.60437,
4.63796,
4.19738,
4.25716,
3.48334,
3.61633,
3.82968,
4.00986,
4.36662,
4.8513,
4.20881,
4.86037,
4.5977,
4.9503,
4.32264,
4.7825,
5,
4.92542,
4.78915,
4.39706,
4.43984,
3.79082,
4.22897,
4.94357,
4.40028,
4.65887,
4.11707,
4.33917,
4.83948,
4.21288,
4.3084,
4.344,
4.69783,
4.73986,
4.95163,
4.58567,
4.04946,
4.71467,
3.95744,
4.18211,
5,
4.96639,
4.5145,
3.3348,
3.57909,
4.48242,
4.48688,
4.74508,
3.73846,
4.15103,
4.41123,
3.09608,
3.84678,
4.28239,
4.38413,
4.74771,
4.16802,
4.18883,
4.33861,
4.55263,
4.78535,
4.83502,
4.54152,
3.88594,
5,
4.98929,
4.61306,
4.74983,
4.31127,
4.56462,
4.04161,
4.3188,
4.52109,
4.99605,
4.60295,
4.15034,
4.76717,
4.1424,
4.28326,
4.56332,
3.96881,
4.14903,
4.7682,
4.31034,
4.86763,
4.41248,
4.90925,
3.95709,
5,
4.32879,
4.33265,
3.56028,
3.61846,
4.2779,
3.14874,
3.16644,
4.62565,
3.68011,
3.73295,
4.1168,
4.21872,
4.29821,
4.95512,
3.98375,
4.42959,
3.57538,
3.77341,
3.78052,
4.33015,
4.58273,
4.72959,
4.8931,
5,
4.16855,
4.61954,
4.75302,
4.84349,
4.61755,
3.28113,
3.30669,
4.05736,
4.22332,
4.49539,
3.9517,
4.02947,
4.15627,
4.59521,
4.70921,
4.35343,
4.52592,
3.7506,
3.93823,
4.09789,
4.15875,
4.4076,
4.42929,
5,
4.66576,
4.73158,
3.78448,
4.55738,
3.89734,
3.95014,
4.60791,
3.85592,
4.60043,
4.10057,
4.72772,
3.86258,
4.21244,
4.58423,
4.8383,
4.00667,
4.09264,
4.2962,
4.8193,
3.18679,
3.44059,
3.90297,
4.33953,
5,
4.42373,
4.52645,
4.7316,
4.97925,
4.80461,
4.8303,
4.26615,
3.2992,
3.45513,
3.50258,
3.58739,
3.63399,
3.64735,
4.0532,
4.1092,
4.28023,
4.3198,
4.56919,
4.99925,
4.79601,
4.22533,
4.60444,
3.96858,
5,
4.56037,
4.67971,
4.87619,
4.6286,
3.99129,
4.30425,
4.57369,
4.77008,
4.93166,
4.82404,
4.9596,
4.9658,
4.06792,
4.67292,
4.05062,
4.15446,
4.23853,
4.51417,
4.8459,
4.5365,
4.60513,
3.71019,
3.97884,
5,
4.65851,
4.07112,
4.19005,
2.97572,
3.64469,
3.73493,
4.16583,
4.82498,
4.05542,
4.41588,
4.64747,
4.06879,
4.86407,
4.43969,
4.44779,
4.59929,
4.65209,
4.71137,
4.8842,
4.76703,
4.34008,
4.81062,
4.50273,
5,
4.68422,
4.03711,
4.73387,
4.03553,
4.33511,
4.66225,
4.75672,
4.80864,
4.15289,
4.31489,
4.80782,
4.96007,
4.64279,
3.92358,
4.5546,
4.75097,
4.77443,
4.48913,
4.84502,
4.68871,
4.72281,
4.41154,
4.92182,
5,
4.96769,
4.99175,
4.72661,
4.17156,
4.30379,
4.61683,
4.22981,
4.3278,
4.4541,
4.86331,
4.28339,
4.4514,
4.54045,
3.40909,
3.65098,
3.78031,
4.27828,
3.45771,
3.50498,
4.0351,
4.21733,
4.23568,
4.38164,
5,
4.71102,
4.08459,
2.89917,
3.0224,
3.65483,
3.75236,
4.13938,
4.16739,
4.43624,
4.71187,
4.8719,
4.89384,
4.41117,
4.48299,
4.68876,
4.12553,
4.80092,
4.37792,
4.44602,
4.55928,
4.6428,
4.79191,
4.84848,
5,
4.5864,
4.58735,
4.86451,
3.56917,
3.9034,
4.11626,
4.4646,
3.89248,
4.29467,
3.47553,
4.13044,
4.18093,
4.24044,
3.40101,
3.59204,
3.63511,
3.68191,
4.30559,
3.21731,
3.26983,
3.48288,
4.13566,
4.76977,
5,
4.91282,
4.73429,
4.09622,
4.26459,
4.45457,
4.83903,
4.52265,
4.58045,
4.58418,
4.66679,
4.20657,
4.69894,
4.76628,
4.0409,
4.42839,
4.53394,
3.6267,
4.54187,
3.5573,
3.63942,
3.79679,
3.94141,
4.5275,
5,
4.71194,
4.30167,
4.87489,
4.45159,
3.75367,
3.7734,
4.16188,
4.46661,
3.38344,
3.84614,
4.31411,
3.43838,
3.61665,
4.11516,
4.17724,
4.41736,
4.95823,
4.58772,
4.71598,
4.79338,
4.95211,
4.42761,
4.48186,
5,
4.21166,
4.74636,
4.806,
4.91559,
4.53454,
3.77957,
4.16599,
2.94241,
3.16936,
3.41873,
3.98943,
4.5077,
3.66772,
4.56397,
4.64655,
3.62048,
3.6561,
4.01681,
4.03428,
4.23507,
2.85534,
3.0695,
3.58878,
5,
4.97962,
4.14994,
4.20485,
4.52547,
4.63726,
4.96505,
3.96079,
4.30786,
4.56078,
4.97502,
4.54232,
4.00942,
4.25965,
4.5016,
4.96688,
4.72858,
4.89429,
4.9914,
3.6939,
4.01717,
4.89273,
3.90456,
2.49388,
5,
4.56006,
4.65408,
3.57092,
3.69793,
4.16888,
4.64305,
4.26508,
4.92348,
4.80878,
4.4299,
3.70161,
3.92552,
4.03146,
4.26685,
3.46834,
3.87057,
4.10681,
4.46496,
4.48398,
3.94452,
4.48044,
3.54019,
4.42604,
5,
4.0858,
4.4588,
4.63929,
4.18854,
3.26139,
4.63401,
4.26672,
4.44852,
4.61895,
4.85356,
4.64681,
4.97085,
4.72184,
4.90293,
4.94838,
4.59844,
4.953,
4.55656,
3.8065,
4.0977,
4.31176,
4.82934,
4.21878,
5,
4.87803,
4.31743,
4.45699,
4.88876,
4.59467,
4.61694,
4.16414,
4.36164,
4.53069,
4.80859,
4.52449,
3.84003,
4.82322,
4.02053,
4.39462,
4.72649,
4.3209,
4.53328,
3.73965,
3.95445,
4.32432,
4.76649,
4.45863,
5,
3.81584,
3.81727,
3.95781,
4.08931,
4.19383,
4.84897,
3.73986,
4.38825,
4.87557,
4.10972,
4.43976,
4.44266,
3.44393,
4.08537,
4.13532,
4.62861,
4.18687,
4.68692,
3.85526,
4.30113,
4.56283,
4.69659,
4.1067,
5,
4.69572,
4.3869,
4.79505,
3.95369,
4.5612,
4.94717,
4.98376,
4.30704,
4.42481,
3.76815,
4.07284,
4.37832,
3.65995,
3.78351,
3.93712,
4.59838,
4.1514,
4.36217,
4.50077,
4.61901,
4.90394,
4.77626,
4.54076,
5,
4.96775,
4.35934,
4.72613,
4.80869,
4.1526,
4.17766,
4.27807,
3.28702,
3.37373,
4.44304,
4.67564,
4.17116,
4.50026,
4.81788,
4.95972,
4.4471,
4.72294,
4.25152,
4.4219,
4.47153,
3.83708,
4.46216,
3.89697,
5,
4.54273,
4.80353,
4.90661,
4.97945,
4.58998,
4.75946,
4.117,
4.18187,
4.70805,
4.19058,
4.75327,
4.26251,
3.28222,
3.73053,
4.72932,
4.09263,
4.57212,
4.86346,
4.87506,
4.73097,
4.90778,
4.812,
4.89285,
5,
4.73682,
3.95984,
4.63064,
4.9683,
4.73416,
4.17719,
4.34135,
3.11745,
3.43249,
3.65722,
3.79112,
2.45185,
3.09385,
3.48923,
3.87374,
4.27585,
3.10196,
3.73756,
3.8336,
3.8511,
4.38896,
4.42023,
3.63248,
5,
4.92777,
4.49762,
3.59509,
4.16812,
4.65006,
4.89285,
4.5424,
4.85018,
4.89283,
4.17956,
4.29566,
4.74896,
4.22834,
3.10073,
3.66872,
3.95708,
4.47047,
4.74544,
4.44305,
4.46563,
4.53892,
4.90417,
4.98361,
5,
4.87875,
4.97219,
4.06014,
4.60687,
4.76605,
4.3577,
3.41728,
3.84001,
4.35255,
4.53641,
3.59985,
3.76343,
3.78318,
3.82619,
4.21657,
4.91924,
4.93404,
4.96211,
4.80824,
4.49381,
2.70117,
2.73116,
2.95257,
5,
4.74545,
3.4386,
3.49127,
4.35239,
4.86434,
4.67267,
4.23822,
4.30989,
4.4857,
4.91541,
4.50632,
4.66773,
4.97741,
4.17984,
4.2534,
4.86917,
4.70091,
4.92687,
4.10897,
4.65116,
3.83129,
4.55769,
4.87179,
5,
4.76311,
4.35935,
4.74083,
4.94983,
4.33914,
4.4494,
4.56788,
4.08753,
4.80809,
4.81718,
4.53284,
4.03973,
4.87672,
4.62008,
3.83863,
3.84635,
4.03086,
4.35292,
3.55768,
3.75183,
2.44241,
2.60491,
2.93678,
5,
4.62843,
4.24058,
3.05685,
3.63353,
1.95984,
2.22931,
2.44325,
2.9549,
3.42674,
3.46281,
3.69259,
3.78285,
4.42089,
4.58566,
3.9092,
4.3473,
4.61527,
4.10546,
4.32084,
4.47025,
4.69182,
4.92395,
4.53411,
5,
4.53365,
3.47758,
4.45021,
4.85276,
4.57791,
3.70276,
4.25499,
3.39206,
3.7832,
3.9522,
4.12563,
4.98135,
4.56603,
4.75086,
3.39926,
3.64226,
4.07976,
4.18145,
4.89285,
4.63525,
3.95253,
4.20213,
4.52304,
5,
4.5538,
4.75415,
4.41588,
4.64742,
3.71568,
4.0995,
4.86079,
4.89239,
4.60311,
4.03979,
4.33931,
4.52438,
3.70781,
3.72087,
4.03589,
4.4023,
4.6251,
4.13036,
4.57203,
3.84977,
4.70068,
4.38877,
4.53383,
5,
4.55132,
3.6883,
3.8259,
3.88362,
4.63452,
4.07937,
4.35416,
4.40747,
3.62065,
4.01504,
4.65949,
4.77755,
4.79086,
4.79775,
4.2688,
4.55463,
4.06381,
4.38364,
3.60687,
4.08291,
4.60377,
4.72093,
3.9942,
5,
4.18057,
4.36057,
3.48594,
3.85302,
4.2626,
4.27242,
4.37522,
3.60791,
3.8333,
3.93072,
4.81627,
4.43892,
4.59452,
4.82307,
4.45496,
3.77338,
4.31853,
4.638,
4.8273,
4.58497,
3.91813,
4.46181,
4.85529,
5,
4.97546,
4.28902,
3.43017,
3.82917,
3.9872,
4.01388,
4.33295,
4.38973,
4.58541,
4.96968,
4.57315,
3.68563,
3.71386,
3.85677,
4.93507,
4.06798,
4.66007,
4.91115,
4.51055,
3.143,
3.27702,
3.77214,
4.71029,
5,
4.8086,
4.13751,
4.18245,
4.58694,
3.90852,
4.61231,
4.83521,
4.42496,
4.75286,
4.48568,
4.60538,
4.88766,
4.66193,
4.71557,
4.40615,
4.8905,
4.71627,
4.38468,
4.68985,
4.88551,
4.74453,
4.0509,
4.61287,
5,
4.47712,
4.72509,
4.97934,
4.42743,
4.88265,
4.4729,
4.99568,
4.39255,
4.80893,
3.74478,
4.55079,
4.6671,
3.81802,
4.17865,
3.24252,
3.79825,
4.02133,
4.12249,
4.86838,
4.88542,
3.96437,
4.17574,
4.26778,
5,
4.7302,
4.86424,
4.66309,
3.93759,
4.40803,
3.72176,
3.86411,
4.25334,
4.27246,
4.5291,
4.76407,
4.79869,
4.91188,
4.97869,
4.92223,
4.0909,
3.04497,
3.32959,
3.69917,
3.85058,
4.1393,
4.41526,
4.7978,
5,
4.50557,
4.87541,
4.34776,
4.38485,
4.56016,
3.67223,
4.6047,
4.89571,
4.46441,
4.76525,
4.37786,
4.90098,
4.74666,
4.26507,
4.80684,
4.17135,
4.24089,
4.36822,
4.64147,
3.96618,
4.07122,
4.14928,
4.43782,
5,
4.66603,
3.87884,
4.5314,
4.90058,
4.38238,
4.45634,
3.75022,
3.87996,
4.47479,
4.6877,
3.99758,
4.26796,
4.72115,
4.13479,
4.25117,
4.94264,
4.81605,
4.3529,
3.07414,
3.93635,
4.04986,
4.06505,
4.61036,
5,
4.93883,
4.65882,
4.07907,
4.86201,
4.55999,
4.61405,
4.03271,
4.49212,
4.80834,
4.82568,
3.97732,
4.26345,
3.41723,
3.90202,
4.06997,
4.22872,
4.9211,
4.80761,
3.66084,
3.83925,
4.21473,
3.05476,
3.53051,
5,
4.87466,
4.93212,
4.16353,
4.75063,
3.81401,
4.26642,
4.70041,
4.23057,
4.33161,
4.41767,
4.63485,
4.86084,
4.88874,
4.96319,
4.56987,
3.89026,
4.14479,
4.49131,
3.37304,
3.76805,
4.05675,
4.52168,
4.59168,
5,
4.95144,
4.62881,
4.73014,
4.3492,
4.72506,
4.74434,
3.93005,
4.27367,
4.33321,
3.63295,
4.18049,
4.1959,
4.40255,
4.53525,
3.51811,
3.84006,
4.0614,
4.38404,
4.63845,
3.9002,
4.19629,
4.76867,
4.21266,
5,
4.51593,
4.01322,
4.09137,
2.94295,
3.74834,
3.79219,
4.29003,
2.29779,
2.45293,
2.82359,
3.2452,
3.32881,
3.38943,
3.44647,
4.62202,
3.49059,
3.78395,
4.15304,
4.48435,
4.74107,
4.32936,
4.46351,
4.85815,
5,
4.46511,
4.62042,
4.65549,
4.96692,
4.75952,
4.99804,
4.62614,
4.22024,
3.27625,
3.72915,
4.10872,
4.3391,
4.55735,
4.04628,
4.63372,
3.83538,
4.15629,
4.41962,
4.45662,
4.78518,
4.93043,
4.76333,
4.38762,
5,
4.84709,
4.46106,
3.31361,
3.59059,
3.88104,
3.97973,
4.64068,
4.74032,
4.82296,
4.32643,
4.35893,
4.63569,
4.81152,
4.3743,
4.75162,
3.92054,
4.45454,
3.52311,
3.92335,
4.03505,
2.69465,
3.05694,
3.44202,
5,
4.97332,
4.56607,
4.74104,
4.46529,
4.88457,
3.91641,
4.58711,
3.95253,
4.23062,
4.274,
4.3895,
4.76667,
4.96013,
4.5565,
4.85305,
4.41102,
4.55904,
4.56126,
4.92571,
4.17769,
4.52533,
4.69846,
4.35022,
5,
4.73453,
4.80086,
3.43126,
3.99229,
4.13433,
4.97453,
4.62886,
4.23375,
4.31258,
4.79501,
4.01379,
4.30112,
4.67258,
4.31488,
4.40306,
4.44728,
4.45939,
4.72325,
3.96427,
4.66599,
4.9952,
4.44042,
4.53989,
5,
4.87851,
4.41488,
4.75403,
4.49432,
4.87249,
4.98178,
4.47349,
4.99368,
4.25378,
4.83967,
4.6656,
4.32357,
4.41446,
4.58044,
4.83972,
4.88567,
4.90589,
4.95314,
4.50945,
3.92273,
4.69872,
3.48103,
3.63368,
5,
4.91901,
4.33164,
4.67338,
4.33434,
4.51527,
4.55649,
4.85048,
4.44369,
3.40909,
4.18369,
4.36774,
4.56438,
3.87685,
4.46473,
3.90168,
4.28337,
4.76851,
4.1693,
4.28248,
4.28358,
4.72189,
4.35158,
4.75244,
5,
4.68655,
4.86589,
4.66853,
4.80949,
4.42226,
4.46408,
4.79263,
4.82585,
4.54209,
3.65217,
3.8468,
4.32609,
4.375,
4.57358,
4.59992,
4.84074,
3.71377,
3.81555,
4.27805,
4.62976,
3.84441,
4.14929,
4.26694,
5,
4.71501,
4.87709,
4.55436,
4.65722,
4.80171,
4.94717,
4.87416,
4.3125,
4.95598,
4.71301,
4.34657,
4.59397,
4.89794,
3.95305,
4.09971,
4.68198,
4.34029,
4.55689,
4.7207,
3.99205,
4.76187,
4.14203,
3.20186,
5,
4.95555,
4.61468,
4.79659,
4.79978,
4.52835,
3.65916,
4.27396,
4.56845,
4.75641,
4.97093,
4.87411,
4.39106,
4.4753,
4.97738,
4.64837,
4.71987,
4.41891,
3.48223,
3.53573,
3.94656,
4.33902,
4.76367,
4.04698,
5,
4.66899,
4.83782,
4.00052,
4.21405,
4.76181,
4.49877,
3.76084,
3.88354,
4.44715,
4.90485,
4.93917,
4.84434,
4.33169,
4.51643,
4.03147,
4.60377,
3.72434,
3.94927,
4.18857,
4.80322,
4.50082,
4.78666,
4.92751,
5,
4.7593,
4.91413,
4.96564,
4.52762,
4.69766,
4.32659,
4.35504,
4.67921,
4.26101,
4.79774,
4.49396,
3.7458,
3.97441,
4.07061,
4.13707,
4.2346,
4.48928,
3.8523,
3.92806,
4.6027,
4.96029,
4.51476,
3.49844,
5,
3.42309,
4.22107,
4.40978,
4.69573,
4.78722,
4.51069,
4.60692,
4.65458,
3.85816,
4.03623,
4.24741,
4.97159,
4.3234,
4.8114,
4.45027,
4.93737,
4.73856,
3.60035,
4.21728,
4.27194,
4.79015,
4.84424,
4.43052,
5,
4.69019,
4.07481,
4.42451,
3.70696,
4.31292,
4.4092,
4.61157,
4.85042,
3.70244,
4.02904,
4.32586,
4.55594,
3.60139,
3.81729,
4.26611,
4.82767,
4.434,
3.85129,
3.89331,
4.11407,
4.72935,
4.89595,
4.64777,
5,
4.73699,
4.74597,
4.39395,
4.6392,
4.89722,
4.97034,
4.59627,
4.03253,
4.16892,
4.41227,
3.61392,
3.63736,
4.01811,
4.07543,
4.40448,
3.75741,
2.13924,
2.28749,
2.51998,
3.26896,
3.82008,
3.92463,
4.34019,
5,
4.267,
3.20864,
3.53505,
3.62134,
3.66187,
3.73921,
4.03857,
4.68922,
4.08787,
4.43712,
4.90626,
4.94986,
4.73474,
4.82109,
4.84689,
4.10729,
4.72352,
4.9383,
3.84915,
4.0223,
4.72966,
4.33179,
3.53675,
5,
4.85159,
4.60118,
4.99241,
4.37912,
4.84617,
4.25591,
4.27368,
4.28128,
4.94421,
4.54652,
3.73969,
4.37743,
4.80221,
4.58096,
4.05812,
4.11497,
4.49319,
4.6568,
4.94146,
4.6616,
4.23107,
2.64899,
2.82436,
5,
4.50291,
4.56069,
4.91027,
4.52628,
4.02408,
4.39519,
4.43919,
4.95966,
4.75505,
4.44546,
4.81675,
3.82448,
4.41095,
4.45061,
4.47057,
4.62651,
4.90542,
4.78727,
4.23496,
4.60174,
3.89581,
3.96867,
4.38339,
5,
4.48145,
3.92443,
4.11933,
4.36233,
3.43883,
3.78794,
4.26813,
3.39805,
3.4047,
4.12689,
4.22217,
4.43892,
4.61555,
3.69649,
4.03543,
4.44881,
4.74385,
4.87918,
4.71161,
4.9868,
4.80993,
4.88716,
4.33841,
5,
4.66563,
3.69043,
4.09304,
4.38044,
3.7118,
4.14206,
2.64252,
3.2578,
3.29467,
3.49458,
3.80544,
4.3071,
4.33977,
4.39248,
4.70643,
4.09457,
4.37646,
4.79844,
4.14513,
3.2867,
3.41772,
3.5319,
4.13723,
5,
4.90769,
4.503,
4.91651,
4.0267,
4.46881,
4.93046,
4.39367,
4.41585,
4.66806,
4.80868,
4.47704,
4.54843,
4.72493,
4.40209,
4.41067,
4.59579,
3.99011,
4.37447,
4.71357,
4.18822,
4.29984,
4.59656,
4.89008,
5,
4.87438,
4.6432,
3.65814,
3.91289,
4.21316,
4.27516,
4.29647,
4.64594,
4.85094,
4.98295,
4.48573,
4.58535,
4.83395,
4.58989,
4.9582,
4.90215,
4.3707,
4.85712,
3.77426,
4.20448,
4.98307,
4.95936,
4.84856,
5,
4.98111,
4.14129,
4.64907,
4.09979,
4.21303,
4.83623,
4.47291,
4.47298,
3.31051,
3.74091,
4.45976,
4.84416,
4.12107,
4.34669,
4.94188,
4.99432,
4.72311,
4.73534,
4.14873,
4.45815,
4.72428,
4.98425,
4.44671,
5,
4.90766,
4.50224,
4.87853,
4.91873,
4.28073,
4.33368,
4.90846,
4.45199,
4.85464,
3.85749,
4.56151,
4.0646,
4.08431,
4.7277,
4.24768,
4.38891,
3.57879,
4.18414,
4.34302,
4.75543,
4.84754,
4.39618,
4.56923,
5,
4.444,
4.64167,
3.60844,
4.00092,
4.23574,
4.89311,
4.77177,
4.79128,
4.24976,
4.74013,
4.04793,
2.93913,
4.08383,
2.75932,
3.20698,
3.33263,
3.62692,
3.81169,
4.21399,
4.40541,
4.91521,
4.38883,
4.61851,
5,
4.71534,
4.86854,
4.40946,
4.86388,
4.88794,
4.02546,
4.63311,
4.63995,
4.16107,
4.29073,
4.69216,
3.96084,
4.24323,
3.19542,
3.55306,
4.39665,
4.40481,
4.62983,
4.91194,
4.61169,
4.91587,
4.69731,
4.75064,
5,
3.87687,
4.50356,
3.62573,
4.45927,
4.97008,
3.53204,
3.80842,
4.32932,
4.57481,
4.84036,
4.46152,
3.81811,
4.0939,
4.47085,
4.77945,
4.87139,
4.60261,
4.8685,
3.92515,
4.03849,
4.20354,
4.9616,
4.74584,
5,
4.76484,
4.96696,
4.86896,
4.64568,
4.85857,
4.69906,
4.35618,
4.97929,
4.52896,
3.6326,
4.37367,
3.69693,
4.13719,
4.15015,
4.25808,
4.99551,
4.41271,
4.52425,
3.25528,
3.73662,
3.88578,
3.92145,
4.97133,
5,
4.84505,
4.63011,
4.11955,
4.23013,
4.32507,
4.40129,
4.50103,
4.70493,
4.73736,
4.91926,
4.76989,
4.28771,
4.63277,
4.63523,
3.6563,
4.04616,
4.10678,
4.15848,
4.18609,
4.9426,
4.87071,
4.88554,
4.70189,
5,
4.2485,
4.60726,
4.07491,
4.11221,
4.29933,
4.63549,
4.99485,
4.88505,
4.59061,
4.80554,
4.26773,
4.60129,
3.87568,
4.01341,
4.90334,
4.24823,
3.2023,
3.71706,
3.75063,
4.05547,
4.15516,
4.82704,
4.84944,
5,
4.77266,
4.41425,
4.58662,
3.98086,
4.60725,
4.10688,
4.43723,
4.63596,
4.74636,
3.62125,
3.65556,
3.95734,
4.04244,
4.24463,
4.65763,
4.75872,
4.45856,
4.63007,
3.44685,
4.38201,
4.94216,
4.10504,
4.18912,
5,
4.14556,
4.18996,
4.55894,
4.79016,
4.20207,
2.98276,
3.04663,
3.50188,
4.06757,
4.6475,
3.37298,
3.94089,
4.17611,
4.74879,
4.39812,
4.59071,
4.6224,
4.76966,
3.72433,
4.01878,
4.10006,
4.2878,
4.77907,
5,
4.85216,
4.54557,
4.07435,
4.08592,
4.48014,
4.90551,
4.92331,
4.72969,
4.95149,
4.63231,
3.86073,
3.86283,
4.09502,
4.28317,
4.82504,
4.00432,
4.34284,
4.61882,
4.88548,
4.57451,
4.96389,
4.16273,
4.41944,
5,
4.02378,
2.95433,
3.35209,
4.00527,
4.03886,
4.21372,
4.37296,
3.65528,
3.71806,
3.8215,
4.70395,
4.25111,
4.31361,
4.61519,
4.7349,
4.22296,
4.51806,
4.53922,
4.70182,
4.72126,
4.26236,
4.52339,
4.85235,
5,
4.41215,
4.76783,
4.13689,
4.50676,
4.52951,
3.91406,
4.04307,
4.47173,
4.9795,
4.80491,
4.57905,
4.07375,
4.117,
4.46285,
4.80258,
4.8494,
4.57386,
4.67461,
4.93061,
4.1858,
4.37546,
4.61644,
4.67702,
5,
3.95528,
3.99117,
4.09896,
4.77406,
4.94553,
4.84425,
3.04537,
3.12057,
3.13271,
3.94338,
4.36341,
4.38519,
4.47008,
4.69535,
4.21491,
4.7678,
4.33728,
3.30506,
3.40605,
3.65638,
3.89902,
4.13916,
4.16395,
5,
4.95635,
4.75937,
3.73206,
4.09578,
4.28216,
4.90021,
4.38423,
4.84309,
4.14319,
4.41916,
4.58688,
4.15928,
4.93412,
4.20995,
2.96056,
3.17141,
3.23424,
3.31967,
4.08226,
4.20514,
3.28487,
3.38658,
3.40382,
5,
4.7669,
4.262,
4.30539,
4.41681,
4.66723,
4.70791,
4.95575,
4.86013,
4.66051,
4.98429,
3.96456,
4.3632,
4.47559,
4.8377,
4.86772,
4.9487,
4.62566,
4.11828,
4.19557,
4.66396,
4.28914,
3.50783,
3.8628,
5,
4.85804,
4.60744,
3.8988,
4.49944,
4.87276,
4.08343,
4.59478,
4.87524,
4.09448,
4.24976,
4.8794,
4.45577,
4.71396,
4.82256,
4.47844,
4.56991,
4.68289,
4.92449,
3.91385,
4.99209,
4.40119,
4.67606,
4.22787,
5,
4.23024,
4.52755,
4.85263,
4.57399,
4.77026,
4.96353,
4.97015,
4.88117,
4.61459,
4.66201,
4.68295,
4.76932,
4.17375,
4.43059,
4.53466,
4.94179,
3.95389,
4.65315,
4.7367,
4.08857,
4.38976,
4.94585,
4.75538,
5,
4.75259,
4.96088,
4.07413,
4.39602,
4.78301,
3.74605,
4.45364,
2.85102,
2.89155,
2.97867,
3.24415,
3.71423,
4.68318,
4.94648,
4.58273,
4.93609,
4.75926,
4.89205,
4.94663,
4.97008,
4.67743,
4.83585,
4.19566,
5,
3.61863,
4.28158,
4.38985,
3.6426,
4.90351,
4.66646,
4.85607,
4.70877,
4.78593,
4.86959,
4.97678,
4.65291,
4.20523,
4.54744,
4.82701,
4.54631,
4.90047,
4.28362,
4.42768,
3.68083,
3.95687,
3.97497,
4.61061,
5,
4.42319,
4.95168,
4.78618,
4.2776,
4.76416,
3.91615,
3.92839,
4.0158,
4.24261,
4.43945,
3.6827,
3.97204,
4.08992,
4.74046,
4.4696,
3.637,
4.12801,
4.64983,
4.26057,
4.26104,
4.34759,
4.80721,
4.59583,
5,
4.94561,
4.41457,
3.63617,
3.83451,
4.19113,
4.22553,
4.64217,
4.75808,
4.1271,
4.55881,
4.07356,
4.884,
4.4938,
4.75639,
3.51805,
3.63583,
4.36151,
4.80235,
4.19725,
4.75237,
3.85039,
4.27439,
4.45601,
5,
4.70987,
3.36143,
3.65541,
3.9213,
4.25658,
4.30911,
4.59967,
4.88261,
4.32277,
4.37115,
4.49509,
4.85636,
4.94168,
4.65401,
4.24556,
4.29384,
4.31395,
4.33113,
4.64375,
4.82393,
3.97986,
4.07868,
4.59709,
5,
4.83235,
4.60937,
3.95369,
4.03038,
4.09544,
4.73782,
4.884,
4.27041,
3.53791,
4.07233,
4.18345,
4.5259,
3.41294,
4.57143,
4.64114,
3.83089,
4.24855,
4.71943,
4.33762,
4.70827,
4.36014,
4.68092,
4.76754,
5,
3.86099,
4.379,
4.83183,
4.5849,
4.65104,
4.87283,
4.60802,
4.76479,
3.76452,
4.47788,
4.68544,
4.25057,
4.66402,
3.70949,
4.10324,
4.51687,
4.9205,
4.52583,
3.47577,
3.81263,
4.41792,
4.57517,
4.76692,
5,
4.66386,
4.96236,
4.79012,
4.89763,
4.53873,
3.90116,
4.03842,
4.28075,
4.3796,
4.53758,
4.91276,
4.96929,
4.99041,
4.07953,
4.43677,
4.67716,
4.9693,
4.78926,
4.40971,
4.43446,
4.50937,
4.52309,
4.97411,
5,
4.88636,
4.34783,
4.85609,
4.50271,
4.72816,
3.94747,
4.23334,
4.72384,
4.21825,
4.29174,
4.51071,
4.57784,
4.02502,
2.84386,
3.02769,
3.09089,
3.89565,
4.1325,
4.64899,
3.9503,
4.36619,
4.51105,
3.96497,
5,
4.98834,
4.27102,
4.37922,
4.49409,
3.33827,
3.57546,
4.0722,
2.80238,
3.24537,
3.88236,
4.4804,
4.64454,
4.89873,
4.37737,
4.43117,
4.99086,
4.78016,
3.94256,
4.28326,
4.42569,
4.52749,
4.6457,
3.79617,
5,
4.45869,
3.67653,
4.30239,
4.75748,
4.84986,
4.89989,
4.78128,
4.20416,
3.29128,
4.37011,
4.83299,
3.89424,
4.22106,
4.28913,
4.57019,
3.83227,
3.896,
4.82327,
3.99687,
4.1309,
4.34468,
4.87044,
4.54041,
5,
4.77284,
4.28224,
4.785,
3.94596,
4.3082,
3.09606,
3.40535,
3.58337,
3.95586,
4.36034,
4.65474,
4.28658,
4.76182,
4.97857,
4.22225,
4.90472,
4.69951,
4.94643,
4.71108,
4.39758,
4.72391,
4.80979,
4.38893,
5,
3.90795,
3.94451,
3.99861,
4.91779,
4.71634,
3.97174,
4.21482,
4.24884,
4.27504,
4.45967,
3.56345,
3.91818,
4.07737,
4.28509,
4.82555,
4.32864,
4.61355,
4.85353,
4.52706,
3.65968,
4.06919,
4.1483,
4.57156,
5,
4.24799,
4.64065,
3.92339,
4.33904,
3.60514,
3.7526,
3.89165,
4.40613,
4.72736,
4.9239,
4.7168,
3.23336,
3.30794,
3.43677,
4.11985,
4.32941,
4.53394,
4.62693,
3.64243,
4.06352,
4.38163,
4.46505,
4.53693,
5,
4.1389,
4.21651,
4.7685,
4.49586,
4.98693,
4.41229,
4.6678,
4.87754,
4.38618,
3.20423,
3.59263,
3.74231,
3.74344,
3.92549,
4.74798,
4.49208,
4.8364,
3.57887,
3.85432,
3.97256,
4.41582,
4.47229,
4.67126,
5,
4.83259,
4.45153,
4.5122,
4.58358,
4.65099,
4.10138,
4.89608,
3.93472,
4.49963,
4.76666,
4.9102,
4.26362,
4.76902,
3.69693,
4.1998,
4.62874,
4.15179,
4.29548,
3.39758,
3.42373,
4.13754,
4.53446,
3.90872,
5,
4.73224,
4.93637,
4.69872,
4.30193,
4.4008,
3.76396,
3.85854,
4.02466,
4.1012,
4.31235,
4.43794,
4.93808,
4.68431,
3.87695,
4.05297,
4.73734,
4.92626,
4.59922,
4.80485,
4.01131,
4.58386,
4.02739,
4.54116,
5,
4.89672,
4.51241,
4.86346,
4.64579,
4.68708,
4.85448,
4.37335,
3.71759,
4.67136,
4.05538,
4.18703,
4.24601,
4.90747,
4.74113,
4.28411,
4.55263,
4.98289,
4.27024,
4.93818,
4.26681,
3.39358,
3.64163,
3.7325,
5,
4.32964,
4.94845,
3.7395,
3.97095,
4.08553,
4.57634,
4.89975,
4.13249,
4.32058,
4.80439,
4.95027,
3.99583,
4.64524,
4.0035,
4.17525,
4.44633,
4.79676,
4.93663,
4.82714,
4.33923,
4.41144,
4.4641,
4.66019,
5,
4.39021,
4.86016,
4.93399,
4.77336,
4.25971,
4.46935,
3.28708,
3.34298,
3.56356,
3.7265,
4.29344,
4.56662,
4.84667,
4.92272,
4.63139,
4.11754,
4.19492,
4.47858,
4.84949,
4.94244,
4.8177,
4.63077,
3.67336,
5,
4.74878,
4.76902,
4.11532,
4.37139,
4.7036,
4.90494,
4.18097,
4.35706,
4.4552,
3.89689,
4.39573,
4.92105,
4.54062,
4.81535,
4.18127,
4.92909,
4.71071,
4.81435,
4.59792,
4.61266,
4.89428,
4.65551,
4.06171,
5,
4.38015,
4.58904,
3.83263,
3.8806,
4.59044,
3.92014,
4.3018,
4.67895,
4.3575,
4.7019,
4.15644,
4.59912,
4.73735,
4.97489,
4.31005,
4.53464,
4.95135,
4.27602,
4.70739,
3.80784,
3.97177,
4.36034,
4.53619,
5,
4.85642,
4.28828,
4.63247,
4.72719,
4.41757,
4.59519,
3.95652,
4.54716,
3.45647,
3.6872,
3.74962,
4.51428,
4.63515,
4.16594,
4.17713,
4.75159,
4.47983,
4.49349,
3.81355,
3.88604,
4.08355,
4.27241,
4.3064,
5,
4.70779,
4.33929,
3.38182,
3.53405,
3.76964,
3.89962,
4.85553,
4.67737,
4.02497,
4.28687,
4.47818,
4.56399,
4.82443,
4.46084,
4.48788,
3.88777,
4.65499,
4.85416,
4.61658,
3.70254,
4.02469,
4.43122,
4.70604,
5,
4.42919,
4.65515,
4.02531,
4.0816,
4.20277,
4.40672,
4.51338,
4.7591,
4.77718,
4.42854,
4.61242,
4.02522,
4.92053,
4.50123,
3.40818,
3.70445,
4.76581,
3.56998,
3.97924,
4.41845,
4.5119,
3.92701,
4.24082,
5,
4.90183,
4.48517,
4.5155,
4.58463,
3.81139,
4.17492,
4.2726,
4.47816,
4.75477,
4.47929,
4.73767,
4.2085,
4.5171,
4.6112,
3.96995,
4.0176,
4.07735,
4.16066,
4.44824,
4.8059,
4.90576,
4.61161,
4.91494,
5,
4.47794,
4.67541,
4.70914,
4.12678,
4.22031,
4.28939,
4.61958,
3.97559,
3.98455,
4.26243,
4.63631,
4.76866,
4.44259,
4.56571,
4.74586,
4.0161,
4.46013,
4.64829,
4.7403,
4.29931,
3.59605,
3.65804,
4.2521,
5,
4.99694,
4.51241,
4.90682,
4.43274,
4.62835,
4.04237,
4.56471,
4.60126,
4.88409,
4.63736,
4.87374,
4.62502,
4.84994,
4.47972,
4.53979,
4.69002,
4.09582,
3.0311,
3.14035,
3.2331,
3.5527,
4.08701,
4.47946,
5,
4.15622,
4.27538,
4.58729,
4.8868,
4.89556,
4.38884,
4.96595,
3.99318,
4.53471,
3.88451,
4.04098,
4.72178,
4.4357,
3.63602,
3.72498,
4.18865,
4.46854,
4.59443,
4.87773,
4.88074,
4.39857,
4.55391,
4.73622,
5,
4.89295,
4.75469,
4.09288,
4.4266,
4.53395,
4.76961,
4.51892,
4.81916,
4.95427,
4.23905,
4.33381,
4.81386,
3.77836,
3.78908,
3.91031,
4.93309,
4.52203,
4.95759,
4.40766,
4.44577,
4.96556,
4.47047,
4.63521,
5,
4.86842,
4.27875,
4.34196,
4.73257,
4.86261,
4.51332,
4.89009,
4.9558,
4.56279,
4.84043,
4.02277,
4.24767,
4.55317,
3.99441,
4.70158,
4.87121,
4.11337,
4.13289,
4.56159,
4.01251,
4.97109,
4.4725,
3.73957,
5,
4.63304,
3.97767,
4.4782,
4.98983,
4.01126,
4.85472,
4.94871,
4.66966,
4.22907,
4.35159,
4.56725,
4.75705,
4.89045,
4.54437,
4.05928,
4.5867,
4.6207,
4.86708,
4.64672,
4.65069,
4.70779,
4.16134,
4.27201,
5,
4.59157,
4.97084,
4.28276,
4.98132,
4.21815,
4.42895,
4.95551,
4.84455,
4.58446,
4.64832,
3.99739,
4.0084,
4.0448,
2.89896,
3.10091,
3.55288,
3.61694,
3.95595,
2.6112,
2.99576,
3.48587,
3.56212,
3.75271,
5,
4.92074,
4.001,
4.01607,
4.70567,
4.89116,
4.24042,
4.60469,
4.72447,
4.09713,
4.71995,
4.12159,
4.21946,
3.02076,
3.04242,
3.36484,
3.61654,
4.02806,
4.48898,
4.95218,
4.10974,
4.11227,
4.41158,
4.98446,
5,
4.39525,
3.24112,
3.83588,
4.07451,
3.04969,
3.15177,
3.20405,
3.66847,
3.81583,
4.44639,
4.49086,
4.66368,
4.24827,
4.65117,
4.96277,
4.53716,
3.94246,
4.22675,
4.34593,
4.73639,
4.98851,
4.72283,
3.89141,
5,
4.69494,
4.78548,
4.48064,
4.647,
4.03475,
4.06136,
4.55839,
4.80267,
4.15787,
4.61892,
4.70456,
3.61948,
3.76956,
3.84064,
4.10716,
4.68908,
4.75658,
4.35594,
4.3711,
3.50518,
4.02248,
4.10969,
4.64569,
5,
4.92499,
4.3244,
4.8081,
4.40207,
4.82464,
4.88391,
4.23441,
4.92251,
4.63107,
4.22109,
4.45413,
4.78967,
4.80958,
4.92505,
4.5909,
4.721,
4.83422,
4.38288,
4.56673,
4.73352,
3.45498,
3.754,
4.64272,
5,
4.79385,
4.94406,
4.44184,
3.50452,
3.60857,
3.79961,
4.03201,
4.03383,
4.04609,
4.35377,
4.66763,
4.88935,
3.63506,
3.82212,
4.51245,
4.52331,
3.70555,
4.05804,
4.05889,
4.9432,
4.78518,
4.37258,
4.49042,
5,
4.21482,
4.22122,
4.39818,
4.70517,
4.3122,
4.40462,
3.28943,
3.70812,
3.85164,
4.00073,
4.00477,
4.02613,
4.20771,
4.47523,
4.54629,
4.66692,
4.82845,
4.47215,
4.93417,
4.39361,
4.74369,
4.84934,
4.27047,
5,
4.3455,
3.30138,
3.75865,
4.06406,
4.35027,
4.395,
4.95988,
4.98672,
4.10431,
4.40872,
4.95111,
4.58486,
4.98913,
4.69145,
3.76786,
3.92086,
4.29342,
4.48078,
3.73357,
4.03438,
4.30817,
4.73072,
4.39243,
5,
4.02688,
4.24516,
4.32853,
3.65049,
4.2279,
4.41642,
4.5187,
4.77112,
4.96822,
4.65168,
4.75301,
4.30256,
4.88742,
4.6716,
4.71714,
4.92538,
4.59549,
4.64793,
4.95867,
4.54241,
4.06289,
4.20878,
4.74773,
5,
4.81446,
4.57751,
4.72407,
4.73202,
4.76912,
4.91231,
4.51676,
4.00129,
4.02228,
4.34369,
4.84647,
4.41923,
3.52391,
3.778,
4.37432,
4.38175,
3.75509,
4.0786,
4.68725,
3.44232,
3.8993,
4.50875,
4.72429,
5,
4.48552,
4.76659,
4.77316,
4.92536,
4.64852,
4.69739,
4.30071,
3.01764,
3.18422,
3.6687,
3.9792,
2.77904,
3.77106,
4.05222,
4.54072,
4.63115,
4.24692,
4.43529,
3.86669,
3.92943,
4.47849,
4.48319,
4.67415,
5,
4.59184,
3.67996,
3.94275,
4.1366,
4.37444,
4.85526,
4.37953,
4.89007,
4.92163,
4.55885,
4.65004,
4.8216,
4.11933,
4.3183,
3.6025,
4.2626,
4.62706,
4.64457,
4.80044,
4.93805,
4.3977,
4.94766,
4.84332,
5,
4.71515,
4.84011,
4.21133,
3.32853,
3.33873,
3.34608,
3.54702,
4.22045,
4.52044,
4.72796,
4.3925,
4.53107,
4.98637,
4.51835,
3.54474,
4.1176,
4.56414,
4.85992,
4.97375,
4.99874,
4.85822,
4.45618,
3.48531,
5,
4.73107,
4.81373,
4.87849,
4.74279,
3.87045,
4.40057,
3.29853,
3.49163,
3.51146,
3.94479,
4.31798,
3.58285,
3.72461,
4.58812,
3.5866,
4.04624,
4.1061,
4.70812,
4.96008,
4.56856,
4.71765,
4.98773,
4.76906,
5,
4.32268,
3.43508,
3.48073,
4.04324,
4.84849,
4.97594,
3.53547,
3.78775,
3.81601,
2.25424,
2.43093,
2.55682,
2.80406,
3.12162,
4.19348,
3.21839,
3.83066,
4.18952,
4.49108,
4.88644,
4.55205,
4.07607,
4.09534,
5,
4.56261,
3.90922,
4.27472,
4.83984,
4.61948,
4.93704,
4.31064,
4.50808,
4.76152,
4.99705,
4.75867,
4.91582,
4.31823,
4.93703,
4.0527,
4.09824,
4.66589,
4.98787,
4.73005,
4.1209,
4.16821,
4.33274,
4.49618,
5,
4.54516,
4.59218,
4.91845,
4.4958,
3.77373,
4.00568,
4.25249,
4.30399,
4.53544,
3.88492,
4.34712,
4.69148,
4.73733,
3.55196,
4.02691,
4.52936,
4.65611,
4.77228,
4.43813,
3.66771,
4.17723,
4.55582,
4.86337,
5,
4.68972,
4.99806,
4.89252,
4.57176,
4.79395,
3.58918,
4.35712,
4.53119,
3.84497,
3.99674,
4.05528,
4.45491,
4.998,
3.4471,
3.6827,
4.286,
4.29302,
4.62433,
3.89771,
4.05297,
4.24526,
4.86064,
4.89044,
5,
4.73868,
4.35545,
3.09199,
3.38222,
3.63066,
4.39839,
4.51594,
4.79721,
4.15726,
4.43799,
3.69019,
4.12094,
4.39038,
3.6226,
3.72967,
3.9036,
4.86825,
4.98884,
4.34214,
4.60803,
3.77512,
4.42799,
4.53234,
5,
4.75948,
4.40682,
4.59694,
4.90599,
4.7538,
4.21789,
4.88892,
4.64865,
4.81323,
4.99444,
4.47366,
4.89498,
4.93251,
4.79512,
4.14284,
4.74157,
4.13523,
4.24681,
4.40514,
4.50583,
3.45426,
3.8868,
4.79022,
5,
4.00003,
4.15333,
4.21601,
4.71349,
4.41221,
4.66325,
4.75257,
4.99889,
4.48054,
4.92565,
4.30673,
4.44222,
4.81281,
4.87932,
4.93454,
4.62452,
4.84009,
4.17704,
4.54867,
4.5727,
4.62649,
4.97166,
4.25421,
5,
4.50246,
3.95314,
4.34343,
4.78828,
4.10577,
4.46423,
4.68256,
4.23952,
4.91243,
4.51215,
4.53564,
3.35773,
3.45217,
3.87199,
4.91576,
4.62269,
4.92456,
4.8242,
4.31617,
4.68952,
4.07343,
4.60704,
4.19668,
5,
4.59868,
3.82335,
4.52669,
3.7601,
3.76215,
4.02658,
4.75368,
4.96042,
4.63764,
4.79213,
4.99117,
4.00987,
4.79274,
4.2455,
4.81437,
4.9532,
3.65626,
3.94436,
4.15239,
4.24705,
4.66023,
3.48111,
3.76582,
5,
4.55918,
4.11569,
4.29882,
3.50493,
4.10243,
4.18625,
4.49405,
4.96766,
4.8309,
4.59743,
4.08589,
4.25835,
4.45848,
3.85313,
4.06444,
4.5383,
4.75834,
4.50445,
3.88122,
4.02753,
4.22389,
4.39648,
4.90917,
5,
4.9179,
4.17331,
4.22042,
4.61866,
4.11841,
4.62597,
4.88564,
4.88812,
4.18569,
4.8536,
4.47196,
4.52201,
4.76716,
4.18641,
4.67011,
4.73015,
3.86985,
4.7366,
4.79684,
4.5805,
3.78061,
4.25815,
4.37512,
5,
4.86251,
4.42777,
4.78909,
4.17359,
4.30504,
4.63523,
4.02389,
4.04374,
4.46365,
3.87881,
4.93396,
4.17089,
4.72626,
3.75247,
3.92241,
4.41679,
4.66396,
4.90664,
4.72402,
4.06449,
4.63063,
4.90223,
4.62678,
5,
4.73838,
4.01811,
4.13175,
4.56993,
4.82856,
4.47734,
4.47784,
4.93504,
4.96951,
4.90031,
4.7288,
4.23497,
4.96061,
4.97704,
4.58321,
4.7595,
4.30871,
3.55887,
4.28054,
4.29044,
4.50532,
4.56373,
4.83316,
5,
4.93861,
4.80287,
4.4847,
3.85414,
4.05722,
4.49624,
4.51465,
3.80417,
3.83509,
4.68857,
4.17202,
4.57074,
3.84744,
4.34027,
3.35675,
3.48748,
4.00367,
4.25085,
4.41196,
4.77709,
4.25204,
4.39388,
4.72975,
5,
4.93126,
4.67077,
3.80088,
4.3935,
4.90725,
4.40593,
4.4494,
4.53893,
4.9764,
4.58903,
4.03864,
4.84212,
4.53604,
4.91614,
3.8763,
4.3636,
4.4098,
4.74644,
4.86675,
4.41149,
4.91525,
4.97605,
4.19849,
5,
4.59694,
4.73089,
4.7729,
3.69025,
4.01631,
4.5888,
4.61775,
4.78719,
4.79604,
4.83373,
3.63432,
4.00672,
4.95126,
4.41509,
4.88437,
3.98968,
4.05527,
4.43123,
4.49796,
4.67473,
4.15718,
4.30672,
4.78213,
5,
4.89773,
4.78286,
4.38412,
3.69734,
3.9107,
4.04486,
4.18762,
4.49881,
4.51459,
3.97209,
4.19539,
4.40888,
4.87103,
4.66952,
3.44536,
3.46954,
3.6688,
4.15605,
4.59105,
4.70977,
4.03187,
4.20893,
4.28613,
5,
4.98174,
4.76234,
4.08017,
4.76298,
4.4142,
3.56659,
3.8393,
4.02519,
4.2971,
4.41304,
4.5106,
4.84608,
4.9169,
4.78487,
4.82093,
3.99636,
4.48665,
3.64253,
3.7062,
3.78446,
4.18912,
4.25876,
3.20419,
5,
4.00197,
4.05167,
2.9579,
3.08782,
3.22763,
3.46786,
3.99376,
4.12168,
4.45967,
4.64955,
4.69335,
4.86239,
4.53439,
4.79907,
4.55228,
4.96243,
4.52862,
4.61058,
4.09204,
4.4409,
4.56516,
3.75389,
3.77051,
5,
4.49573,
3.6603,
3.9822,
4.35384,
4.39621,
3.08211,
3.58063,
4.3773,
4.60041,
4.79473,
4.46334,
4.67682,
4.84101,
4.87312,
4.49051,
3.75785,
3.80629,
3.89412,
4.06143,
4.6143,
4.74565,
4.83873,
4.03531,
5,
4.74061,
3.54829,
4.58919,
3.95877,
4.82537,
4.56804,
4.0952,
3.00802,
3.6169,
3.77845,
4.19226,
4.31674,
4.76982,
4.41637,
4.85481,
4.97479,
3.93372,
4.51701,
4.5205,
4.60951,
4.61824,
3.86294,
4.67759,
5,
4.42971,
3.53081,
4.11687,
4.54233,
4.89723,
4.39253,
4.67972,
3.92309,
4.09542,
4.31161,
4.46352,
4.96443,
4.37145,
4.4553,
4.54573,
4.80716,
4.1244,
4.1869,
4.28671,
4.76268,
4.23823,
4.35965,
4.8837,
5,
4.99146,
4.29204,
4.31479,
3.46929,
4.03541,
4.56194,
4.57366,
4.9943,
4.54111,
4.75595,
4.3862,
4.8098,
4.43132,
4.56901,
4.72685,
4.01548,
4.74805,
4.998,
4.08756,
4.62114,
4.88489,
4.5877,
4.15972,
5,
4.92388,
4.60367,
4.83066,
4.85774,
4.66008,
4.19385,
4.84383,
4.40442,
4.82829,
4.26644,
3.06239,
3.12552,
3.49639,
3.699,
3.80071,
4.25124,
4.69664,
4.16804,
4.20375,
4.51944,
4.58766,
4.94114,
4.50702,
5,
4.10616,
4.64252,
4.97756,
4.93606,
4.65289,
4.91203,
4.19925,
4.8556,
4.98736,
3.55684,
3.70934,
3.90002,
4.03882,
4.2843,
4.39747,
3.66921,
4.97788,
4.77617,
4.38128,
4.5929,
4.65803,
4.94111,
4.58397,
5,
4.37234,
4.58923,
3.9602,
4.00711,
4.84476,
4.24541,
4.68866,
4.15281,
4.18643,
4.5476,
4.61178,
3.6386,
3.83666,
3.89817,
2.77184,
3.17612,
3.20034,
3.39964,
3.74718,
4.11052,
4.45089,
4.66014,
4.85949,
5,
4.45161,
3.67757,
3.77098,
3.9655,
4.89953,
4.5111,
4.56057,
4.80108,
3.45082,
3.9411,
4.30219,
3.50553,
3.8599,
3.86902,
4.06428,
4.74578,
4.29195,
4.66282,
3.8983,
4.09443,
4.387,
4.60256,
4.825,
5,
4.94164,
4.21254,
4.23997,
4.54999,
3.6538,
4.10133,
4.93568,
4.7327,
4.42233,
4.44056,
4.55058,
4.71546,
4.15876,
4.77003,
4.30567,
4.75328,
4.98454,
4.96208,
4.98284,
4.91928,
4.6359,
4.16396,
4.50025,
5,
4.67802,
4.18219,
4.22859,
4.23139,
4.33324,
4.65369,
4.76504,
4.22338,
4.58548,
4.6521,
3.62194,
4.01295,
4.54424,
4.73489,
4.80448,
4.90602,
4.27055,
4.58772,
4.80949,
4.84385,
4.84894,
4.25338,
4.59642,
5,
4.42513,
4.95325,
4.83022,
4.87409,
4.47747,
4.67231,
4.69832,
4.83114,
4.97783,
4.86839,
4.95525,
4.81395,
4.27398,
4.77451,
4.86718,
4.6345,
4.9201,
3.96367,
4.62849,
4.70212,
4.38064,
3.09593,
3.13762,
5,
4.47403,
4.74307,
4.9331,
4.9392,
4.13053,
4.26449,
4.56018,
4.0496,
4.82345,
4.12035,
4.43162,
3.59177,
4.45384,
4.79989,
4.47726,
4.68604,
4.84675,
4.44964,
4.99032,
4.61404,
4.99436,
4.78286,
3.83812,
5,
4.62309,
4.94531,
4.19442,
4.98059,
4.17341,
4.18223,
4.92424,
3.93847,
4.04384,
4.39402,
3.32637,
4.00792,
4.12576,
4.36444,
4.98014,
4.74469,
4.92182,
4.75513,
4.34323,
3.10996,
3.21293,
3.58312,
4.2559,
5,
4.93955,
4.37722,
3.45096,
3.67429,
4.13427,
4.3476,
4.99756,
4.67491,
4.83049,
4.35801,
4.41467,
4.52443,
4.89191,
4.77369,
4.12726,
4.3988,
4.89467,
4.62169,
4.16502,
4.75868,
4.78718,
4.90553,
4.60711,
5,
4.63216,
4.114,
4.84127,
4.94384,
4.62348,
4.82766,
4.89721,
4.73771,
4.35861,
4.84599,
4.96343,
4.88822,
4.71419,
4.91831,
4.18985,
4.49146,
3.83113,
4.82818,
4.9295,
4.77019,
4.77903,
4.51213,
4.61261,
5,
4.50593,
3.28416,
3.66149,
3.95617,
3.95854,
4.28635,
3.24254,
3.42519,
4.54868,
3.70802,
4.28838,
4.38275,
4.56372,
3.75133,
4.00982,
4.4611,
4.55939,
4.63075,
3.95961,
4.74468,
4.95747,
4.86619,
3.95474,
5,
4.62505,
4.79534,
4.9337,
4.49945,
3.49225,
3.80486,
4.92425,
4.55954,
4.72365,
4.43876,
4.49814,
4.74048,
4.17793,
4.18772,
4.75055,
4.82758,
4.8894,
4.70196,
3.94801,
4.16812,
4.68438,
4.30015,
4.45203,
5,
4.92926,
4.93866,
4.42659,
3.53885,
4.28819,
4.72347,
4.43411,
4.54196,
4.91166,
4.57144,
4.68438,
4.74056,
4.20839,
4.65009,
4.7132,
4.98227,
4.81723,
4.48547,
4.52475,
4.86779,
4.69179,
4.96968,
4.65673,
5,
4.70477,
4.08095,
4.29957,
4.75042,
4.1616,
3.23952,
3.9604,
4.25365,
4.86746,
4.18762,
4.69399,
4.83302,
4.40088,
3.53287,
4.03986,
4.13847,
4.66968,
4.33609,
4.69385,
3.99654,
4.43694,
3.74353,
3.9981,
5,
4.86807,
4.58683,
4.70708,
4.90484,
4.74703,
4.77742,
4.09294,
4.46768,
4.49887,
4.96758,
4.55486,
4.65267,
4.18015,
4.62404,
4.77303,
4.99054,
4.42208,
4.82211,
4.88209,
4.71801,
4.25086,
4.27552,
4.6059,
5,
4.8616,
4.4199,
4.59585,
4.19159,
4.37217,
4.98742,
4.48069,
3.9285,
4.26778,
4.38335,
4.73273,
4.9938,
4.73458,
4.80402,
4.50101,
4.81825,
3.9677,
3.98427,
2.93171,
3.29964,
4.50492,
4.68833,
4.7346,
5,
4.99609,
4.58221,
4.97873,
4.81939,
4.83944,
4.52558,
4.59832,
4.73997,
4.34829,
4.53005,
4.94338,
4.16411,
4.90134,
4.73651,
4.93995,
4.4393,
3.43043,
3.62142,
3.71468,
4.29034,
3.56341,
4.69789,
4.8902,
5,
4.90569,
4.68276,
4.89058,
4.5907,
4.7717,
4.20808,
4.44734,
3.69183,
4.60186,
3.46521,
3.84549,
4.05255,
4.50538,
3.80733,
4.57123,
4.71373,
4.85418,
4.0339,
4.20511,
4.69313,
4.09622,
4.20108,
4.66237,
5,
4.02853,
4.1611,
4.26309,
4.62893,
4.11749,
4.46743,
3.54285,
4.08784,
4.64807,
4.25041,
4.26396,
4.74577,
4.80065,
4.40259,
3.54183,
3.81983,
3.867,
3.98151,
4.21846,
4.85705,
4.31861,
3.09051,
3.2347,
5,
4.67952,
4.97602,
4.85352,
4.2504,
4.4187,
3.57365,
3.98054,
4.38191,
4.57962,
4.11377,
3.18413,
3.25934,
4.01616,
4.29229,
4.75083,
4.77141,
4.45659,
4.88376,
4.51259,
4.90592,
4.09617,
3.03069,
3.59758,
5,
4.53414,
4.82965,
4.18659,
4.28778,
4.99536,
4.44428,
4.67909,
4.98185,
4.90065,
4.73781,
4.98847,
4.35319,
4.69222,
4.92219,
3.94623,
4.05354,
4.38218,
4.82571,
4.26404,
3.40532,
4.60188,
4.69145,
4.71298,
5,
4.66413,
4.9567,
4.53739,
4.94143,
4.56276,
3.77847,
4.34409,
3.54705,
3.78692,
4.07009,
4.19784,
4.40659,
3.56679,
3.78888,
4.36746,
4.69581,
4.0278,
4.84012,
4.8569,
4.46761,
3.89489,
3.95162,
4.06285,
5,
4.86318,
4.99498,
4.59727,
4.12964,
4.30054,
4.60206,
4.67821,
4.79514,
4.15238,
4.51822,
4.01234,
4.26064,
4.3236,
4.35668,
4.52032,
3.64494,
3.72655,
3.87508,
3.97561,
4.50599,
4.89179,
4.52115,
4.80483,
5,
4.64312,
4.1639,
4.34053,
4.34716,
4.37899,
4.55329,
3.6467,
4.09874,
4.94909,
4.6041,
4.87427,
4.62498,
3.23262,
4.00948,
4.47594,
3.90104,
4.19185,
4.58744,
4.98996,
4.8472,
4.36003,
4.52512,
3.78471,
5,
4.09032,
4.32859,
4.75275,
4.43608,
4.48453,
4.91764,
4.69582,
4.01484,
4.22703,
4.88084,
4.63349,
4.14069,
4.70461,
4.25052,
4.54029,
4.93325,
4.5746,
3.9335,
2.84084,
3.07237,
4.26083,
4.77275,
4.24827,
5,
4.45462,
4.53134,
3.69371,
4.55603,
3.74459,
3.90091,
4.19264,
4.71299,
3.81006,
3.81648,
4.46688,
4.6714,
4.76369,
4.46409,
4.90023,
4.72119,
4.04542,
4.08532,
4.66926,
3.82434,
4.29964,
4.5371,
3.30027,
5,
4.88411,
4.08351,
4.09981,
4.12658,
3.09509,
3.52912,
4.05645,
4.52635,
4.88008,
4.72253,
4.09046,
4.65253,
4.9527,
4.09547,
4.94394,
4.82716,
4.99845,
4.52333,
3.93405,
4.25023,
4.46037,
3.86978,
4.19089,
5,
4.27356,
4.89297,
4.58431,
4.82583,
4.39021,
4.71811,
4.00333,
4.30714,
3.12336,
3.33834,
3.64992,
4.95566,
4.97856,
4.77361,
4.49363,
3.89724,
4.32316,
4.45427,
4.67553,
4.8257,
4.08519,
4.21192,
4.95011,
5,
4.83464,
4.92026,
4.72417,
4.73335,
4.77601,
4.4505,
4.66028,
3.82877,
4.50243,
4.77106,
4.48904,
3.87448,
3.94058,
4.46005,
4.56893,
4.75885,
4.98265,
4.54381,
4.721,
4.20517,
3.39269,
3.50036,
3.67541,
5,
4.41946,
4.97486,
4.98099,
4.9595,
4.63225,
4.21195,
4.82646,
4.89042,
4.92981,
4.95273,
4.46807,
4.66363,
3.77093,
4.4355,
4.53514,
3.9089,
4.05982,
2.76698,
3.10582,
3.59232,
3.62796,
4.06807,
4.14818,
5,
4.24183,
4.94973,
4.10727,
4.92235,
4.30598,
4.35416,
4.61985,
3.7147,
4.34186,
4.43779,
4.70187,
4.72798,
4.09392,
2.84296,
3.35098,
3.39801,
3.54678,
4.25431,
4.6307,
4.71546,
4.33327,
4.87897,
4.74175,
5,
4.55369,
4.04344,
4.27812,
4.35629,
4.84334,
4.29816,
4.75715,
4.90715,
4.96007,
4.31966,
4.55106,
4.821,
4.19792,
4.22411,
4.54529,
4.77637,
4.15075,
4.44679,
4.98693,
4.63612,
4.97039,
4.79616,
4.4198,
5,
4.64114,
4.84174,
4.98685,
4.55452,
4.83782,
4.93487,
4.2614,
4.46302,
4.75493,
4.04976,
4.05699,
4.18421,
4.28354,
4.89536,
4.73613,
4.1919,
3.13929,
3.55031,
4.03864,
4.64319,
4.72749,
4.75661,
4.82695,
5,
4.93303,
4.64067,
4.95062,
4.97348,
4.1392,
4.44042,
4.83339,
4.43358,
3.57337,
4.11426,
4.85101,
4.58592,
4.6343,
4.65152,
4.66019,
4.74387,
3.89675,
4.51141,
4.72225,
4.39356,
4.86103,
4.45163,
3.69049,
5,
4.67313,
4.94527,
4.36543,
4.83729,
4.97254,
4.68241,
4.34033,
3.2024,
3.26851,
3.43022,
3.753,
4.09529,
4.97122,
4.60279,
4.70366,
4.74477,
4.02651,
4.11412,
4.73783,
4.13054,
4.29432,
4.31354,
4.35737,
5,
4.30375,
2.94334,
3.31224,
4.19614,
4.62615,
4.05165,
4.14694,
4.2367,
4.26827,
4.72124,
4.18068,
4.44915,
3.72385,
3.82054,
4.08358,
4.12634,
4.94855,
4.82606,
4.61143,
4.67269,
4.26274,
4.48517,
4.59516,
5,
4.70391,
4.26334,
4.96228,
4.43321,
4.44936,
4.64798,
4.07641,
4.2499,
4.57656,
4.89366,
4.62314,
4.91941,
4.7477,
4.82886,
3.88506,
4.4181,
4.75331,
4.78146,
3.96402,
4.73515,
4.08802,
4.45239,
3.14776,
5,
4.98285,
4.49236,
4.66439,
4.23638,
4.6709,
4.2232,
3.11187,
3.43389,
3.78757,
3.99644,
4.21027,
3.38672,
4.18009,
4.38972,
4.98675,
4.75936,
4.40139,
3.46367,
3.73899,
3.84854,
3.99408,
4.28882,
4.88573,
5,
4.74821,
4.46503,
3.84484,
3.95335,
4.11642,
4.40734,
3.79038,
4.27176,
4.51919,
3.58259,
3.73047,
3.90338,
4.55167,
4.82455,
4.64457,
4.17636,
4.37332,
3.20392,
3.63989,
4.48652,
4.86369,
4.68172,
4.73086,
5,
4.43516,
3.8687,
4.26904,
4.43599,
4.71431,
4.22375,
4.80461,
4.14662,
4.7341,
4.87395,
4.09786,
4.34935,
4.47061,
3.69435,
4.24089,
4.54975,
4.82628,
4.22051,
4.99065,
4.87456,
4.16131,
4.35611,
4.81591,
5,
4.26879,
4.44269,
3.68408,
4.25286,
4.65944,
4.28486,
4.65389,
4.16023,
4.43444,
4.5285,
3.46701,
3.76188,
3.81638,
4.18651,
4.71616,
4.90528,
4.70065,
3.79612,
4.5056,
3.84789,
4.26598,
4.45723,
4.89094,
5,
4.69717,
4.8883,
4.57408,
4.8593,
4.8741,
4.62406,
3.57827,
3.85502,
4.89621,
4.33396,
2.96306,
3.79144,
3.94137,
3.95771,
4.01623,
4.13438,
4.15601,
4.364,
4.58928,
3.70318,
4.12448,
4.52341,
3.58925,
5,
4.93142,
4.93509,
4.54583,
4.61211,
4.96127,
4.89038,
4.44723,
4.80962,
4.96459,
4.07576,
4.57293,
4.73324,
4.974,
4.86582,
4.50678,
4.95713,
4.70033,
4.74445,
4.31668,
4.32709,
4.79467,
3.84384,
4.30893,
5,
4.37513,
3.4485,
3.45586,
3.52976,
3.69311,
4.53558,
4.9705,
4.73109,
4.4595,
4.65319,
3.73633,
3.97625,
4.07541,
4.50345,
3.93419,
2.56314,
3.04362,
3.26441,
3.45538,
3.67558,
3.79499,
3.83613,
4.00062,
5,
4.84655,
4.61641,
4.205,
4.62051,
4.15841,
4.52715,
3.75242,
4.08259,
4.57351,
3.67331,
4.49614,
4.61741,
4.02547,
4.36329,
3.69413,
4.41639,
4.97715,
4.47541,
4.93164,
4.99757,
4.72552,
4.04737,
4.40553,
5,
4.36706,
3.4588,
3.60305,
3.60838,
1.64397,
2.21595,
3.06951,
3.48224,
3.90386,
4.2373,
4.67864,
4.70645,
4.32259,
4.39682,
3.25302,
3.59167,
3.89688,
4.53016,
3.36613,
4.32206,
4.7673,
4.25821,
4.34907,
5,
4.28036,
4.65798,
4.76673,
4.24811,
4.31028,
4.46008,
4.8127,
4.41564,
4.47276,
3.69511,
4.26712,
4.47321,
3.5337,
3.76289,
4.08933,
4.22987,
4.52749,
4.83713,
4.62552,
3.75988,
4.27439,
4.39456,
3.66787,
5,
4.32916,
4.50284,
4.98721,
4.85144,
4.3588,
4.6053,
4.6889,
4.76572,
4.26352,
4.68397,
4.03533,
4.66301,
4.7312,
4.04074,
4.37153,
4.9302,
4.62083,
4.70635,
4.23771,
4.79413,
4.0842,
4.26325,
4.61853,
5,
4.20366,
4.32428,
4.60787,
4.15953,
4.17375,
3.17064,
3.31646,
3.42707,
3.55154,
3.85636,
4.78747,
4.48217,
3.20724,
4.32699,
4.48866,
4.70561,
4.02342,
4.03589,
4.44267,
4.90054,
4.97222,
4.20967,
4.48561,
5,
4.61795,
4.03133,
4.29499,
4.67618,
3.81264,
3.85141,
4.77426,
4.22554,
4.31543,
4.37466,
4.61885,
4.66601,
4.02707,
3.04122,
3.48954,
3.63272,
3.66284,
3.91476,
4.50107,
3.95786,
4.37903,
4.39621,
4.79677,
5,
4.38474,
4.7049,
4.99873,
4.27333,
4.93104,
4.81554,
3.66206,
4.30821,
4.84778,
4.95789,
4.9624,
4.89618,
4.60839,
4.81547,
4.3921,
4.98873,
4.70835,
4.07763,
4.08937,
4.51664,
4.72462,
4.32788,
4.53041,
5,
4.67782,
4.92394,
4.5346,
3.34179,
3.73707,
3.87855,
3.93362,
4.83495,
4.33664,
3.66442,
4.08309,
4.46685,
4.65416,
4.97136,
4.636,
4.19276,
4.28225,
4.5919,
4.84979,
4.90855,
4.50051,
4.61841,
4.07296,
5,
4.92569,
4.64413,
4.07416,
4.20284,
4.82104,
4.37651,
4.52557,
3.77508,
4.81623,
4.98568,
4.62512,
4.71534,
4.75478,
4.91065,
4.77613,
4.53409,
3.89797,
3.96013,
4.22703,
4.30961,
4.82228,
4.25302,
4.88984,
5,
4.90648,
4.95665,
4.53522,
4.58486,
3.86916,
4.09862,
4.40055,
4.50926,
4.66747,
4.87663,
4.69599,
3.89172,
4.58524,
4.09644,
2.90556,
3.25487,
3.39456,
3.83709,
4.62432,
4.03018,
4.17099,
4.5053,
4.00156,
5,
4.32269,
4.72009,
3.92492,
4.01447,
4.45923,
4.53668,
4.86597,
4.88167,
4.92369,
4.52783,
4.80377,
4.58415,
3.68011,
3.81995,
4.35346,
4.73507,
3.85336,
4.32227,
4.57699,
4.10634,
4.57738,
4.09116,
4.25073,
5,
4.9263,
4.44746,
4.76428,
4.37629,
3.38895,
3.71816,
3.8055,
4.36401,
4.46637,
4.89785,
4.18644,
4.91758,
4.48241,
4.59324,
4.71172,
4.3318,
4.34183,
4.85204,
3.98164,
4.59157,
4.86661,
4.37995,
4.46688,
5,
4.7328,
3.43009,
3.4466,
3.76703,
4.70367,
3.50877,
4.41006,
4.52666,
4.58824,
4.8607,
4.29995,
4.38886,
4.58048,
4.97777,
4.91261,
4.82255,
4.14492,
4.27545,
4.40463,
4.48999,
4.81751,
4.62493,
4.20548,
5,
4.86384,
4.39041,
3.73156,
4.14437,
4.65985,
4.9327,
4.56332,
4.64529,
4.00814,
2.76263,
3.56135,
3.757,
3.76062,
3.79362,
4.0661,
4.8272,
4.55177,
4.77572,
4.82276,
4.60951,
4.84304,
4.26378,
4.48674,
5,
4.55737,
4.10934,
4.46694,
4.62574,
4.81682,
4.93385,
4.23471,
4.89293,
4.39688,
4.58362,
4.86311,
4.96252,
4.66373,
3.77406,
3.79175,
3.86298,
3.87834,
3.93197,
4.36435,
4.87612,
4.72959,
4.31109,
4.62485,
5,
4.94038,
4.2029,
4.2985,
3.09254,
3.16478,
3.21916,
4.30954,
4.68712,
4.70514,
4.08159,
4.87125,
4.65951,
4.67629,
3.37497,
4.0654,
4.84696,
4.56573,
4.74666,
4.24502,
4.30141,
4.96333,
4.18455,
4.66624,
5,
4.47023,
4.90273,
4.48185,
3.8966,
4.32252,
4.36105,
3.60826,
3.61216,
3.80376,
3.92588,
4.10023,
4.61558,
4.89995,
4.33582,
3.23479,
3.52668,
3.84823,
4.21655,
4.57537,
4.82481,
4.43114,
4.81096,
4.10488,
5,
4.54763,
3.94971,
4.05926,
4.63921,
4.85932,
4.66771,
4.72645,
4.26165,
4.47218,
3.85399,
4.07548,
4.09294,
4.26712,
4.66613,
3.63981,
3.9644,
4.37445,
3.6602,
4.42405,
4.82974,
4.27037,
4.98306,
4.7651,
5,
4.40478,
3.75763,
3.90688,
4.2223,
4.52129,
4.91605,
4.7456,
4.78759,
4.37383,
4.44651,
4.52526,
4.65754,
4.88128,
4.65723,
4.97188,
4.43319,
4.87508,
4.08697,
4.40474,
4.67858,
4.01817,
4.61002,
4.62406,
