ID,Name,Fame,KryptoLove,Release Freq,NFT Freq,Price Freq,Credit History,NFT Wallet,
3424229,The Alchemy Casuals,1.126,1,0 26 26 26 26 26 26 26 26 26 26 26 26 26 26 26 ,18 18 18 18 18 18 18 18 18 18 18 18 18 18 18 18 ,7 7 7 7 7 7 7 7 7 7 7 7 7 7 7 7 ,,0: ,
4986714,Disciples Of Russia,1.57603,1,0 19 19 19 19 19 19 19 19 19 19 19 19 19 19 19 19 19 19 19 19 ,22 22 22 22 22 22 22 22 22 22 22 22 22 22 22 22 22 22 22 22 22 ,9 9 9 9 9 9 9 9 9 9 9 9 9 9 9 9 9 9 9 9 9 ,,0: ,
4903599,Revenger Chauffeur,0.859962,1,0 18 18 18 18 18 18 18 18 18 18 18 18 18 18 18 18 18 18 18 18 18 ,24 24 24 24 24 24 24 24 24 24 24 24 24 24 24 24 24 24 24 24 24 24 ,15 15 15 15 15 15 15 15 15 15 15 15 15 15 15 15 15 15 15 15 15 15 ,,0: ,
2231017,The My Bedroom Strippers,0.645975,1,0 11 11 11 11 11 11 11 11 11 11 11 11 11 11 11 11 11 11 11 11 11 11 11 11 11 11 11 11 11 11 11 11 11 11 ,22 22 22 22 22 22 22 22 22 22 22 22 22 22 22 22 22 22 22 22 22 22 22 22 22 22 22 22 22 22 22 22 22 22 22 ,8 8 8 8 8 8 8 8 8 8 8 8 8 8 8 8 8 8 8 8 8 8 8 8 8 8 8 8 8 8 8 8 8 8 8 ,,0: ,
6400923,Why Badgers Why?,0.689809,0,0 23 23 23 23 23 23 23 23 23 23 23 23 23 23 23 23 ,17 17 17 17 17 17 17 17 17 17 17 17 17 17 17 17 17 ,4 4 4 4 4 4 4 4 4 4 4 4 4 4 4 4 4 ,,0: ,
4739957,Blunt Heathen,1.44048,0,0 25 25 25 25 25 25 25 25 25 25 25 25 25 25 25 ,22 22 22 22 22 22 22 22 22 22 22 22 22 22 22 22 ,10 10 10 10 10 10 10 10 10 10 10 10 10 10 10 10 ,,0: ,
6831220,Ron and the Angry Compass,1.68411,1,0 26 26 26 26 26 26 26 26 26 26 26 26 26 26 26 ,15 15 15 15 15 15 15 15 15 15 15 15 15 15 15 15 ,18 18 18 18 18 18 18 18 18 18 18 18 18 18 18 18 ,,0: ,
5492000,Shunt Unborn,0.805651,0,0 20 20 20 20 20 20 20 20 20 20 20 20 20 20 20 20 20 20 20 ,15 15 15 15 15 15 15 15 15 15 15 15 15 15 15 15 15 15 15 15 ,5 5 5 5 5 5 5 5 5 5 5 5 5 5 5 5 5 5 5 5 ,,0: ,
4507039,Arrivals Dynasty,0.829739,1,0 26 26 26 26 26 26 26 26 26 26 26 26 26 26 26 ,18 18 18 18 18 18 18 18 18 18 18 18 18 18 18 18 ,10 10 10 10 10 10 10 10 10 10 10 10 10 10 10 10 ,,0: ,
5540220,Beaver Unbroken,1.2522,1,0 29 29 29 29 29 29 29 29 29 29 29 29 29 ,16 16 16 16 16 16 16 16 16 16 16 16 16 16 ,8 8 8 8 8 8 8 8 8 8 8 8 8 8 ,,0: ,
3058410,Smelt Femininity,0.697461,1,0 26 26 26 26 26 26 26 26 26 26 26 26 26 26 26 ,20 20 20 20 20 20 20 20 20 20 20 20 20 20 20 20 ,12 12 12 12 12 12 12 12 12 12 12 12 12 12 12 12 ,,0: ,
1357934,Defenestration Atop,1.32213,1,0 20 20 20 20 20 20 20 20 20 20 20 20 20 20 20 20 20 20 20 ,18 18 18 18 18 18 18 18 18 18 18 18 18 18 18 18 18 18 18 18 ,10 10 10 10 10 10 10 10 10 10 10 10 10 10 10 10 10 10 10 10 ,,0: ,
8428506,Allo Balloons,1.3646,1,0 16 16 16 16 16 16 16 16 16 16 16 16 16 16 16 16 16 16 16 16 16 16 16 ,19 19 19 19 19 19 19 19 19 19 19 19 19 19 19 19 19 19 19 19 19 19 19 19 ,9 9 9 9 9 9 9 9 9 9 9 9 9 9 9 9 9 9 9 9 9 9 9 9 ,,0: ,
9905925,Bathtub Running,0.46247,1,0 21 21 21 21 21 21 21 21 21 21 21 21 21 21 21 21 21 21 ,21 21 21 21 21 21 21 21 21 21 21 21 21 21 21 21 21 21 21 ,8 8 8 8 8 8 8 8 8 8 8 8 8 8 8 8 8 8 8 ,,0: ,
7135076,Torch Books and Cockroaches,0.941569,1,0 21 21 21 21 21 21 21 21 21 21 21 21 21 21 21 21 21 21 ,24 24 24 24 24 24 24 24 24 24 24 24 24 24 24 24 24 24 24 ,8 8 8 8 8 8 8 8 8 8 8 8 8 8 8 8 8 8 8 ,,0: ,
3035999,Laughing Goblins,1.3433,1,0 18 18 18 18 18 18 18 18 18 18 18 18 18 18 18 18 18 18 18 18 18 ,21 21 21 21 21 21 21 21 21 21 21 21 21 21 21 21 21 21 21 21 21 21 ,6 6 6 6 6 6 6 6 6 6 6 6 6 6 6 6 6 6 6 6 6 6 ,,0: ,
6920139,Au Revior Fingers,0.378998,0,0 15 15 15 15 15 15 15 15 15 15 15 15 15 15 15 15 15 15 15 15 15 15 15 15 15 ,13 13 13 13 13 13 13 13 13 13 13 13 13 13 13 13 13 13 13 13 13 13 13 13 13 13 ,8 8 8 8 8 8 8 8 8 8 8 8 8 8 8 8 8 8 8 8 8 8 8 8 8 8 ,,0: ,
5313685,My Hot Romance,0.346588,1,0 17 17 17 17 17 17 17 17 17 17 17 17 17 17 17 17 17 17 17 17 17 17 ,27 27 27 27 27 27 27 27 27 27 27 27 27 27 27 27 27 27 27 27 27 27 27 ,13 13 13 13 13 13 13 13 13 13 13 13 13 13 13 13 13 13 13 13 13 13 13 ,,0: ,
8873115,Apocalypse Studios,0.652007,0,0 20 20 20 20 20 20 20 20 20 20 20 20 20 20 20 20 20 20 20 ,36 36 36 36 36 36 36 36 36 36 36 36 36 36 36 36 36 36 36 36 ,9 9 9 9 9 9 9 9 9 9 9 9 9 9 9 9 9 9 9 9 ,,0: ,
7196601,The Hot Zombies's Club,0.271685,1,0 24 24 24 24 24 24 24 24 24 24 24 24 24 24 24 24 ,21 21 21 21 21 21 21 21 21 21 21 21 21 21 21 21 21 ,2 2 2 2 2 2 2 2 2 2 2 2 2 2 2 2 2 ,,0: ,
2328418,Pixie Attack,0.957836,1,0 16 16 16 16 16 16 16 16 16 16 16 16 16 16 16 16 16 16 16 16 16 16 16 ,18 18 18 18 18 18 18 18 18 18 18 18 18 18 18 18 18 18 18 18 18 18 18 18 ,7 7 7 7 7 7 7 7 7 7 7 7 7 7 7 7 7 7 7 7 7 7 7 7 ,,0: ,
1181015,Mildknot,0.343944,1,0 24 24 24 24 24 24 24 24 24 24 24 24 24 24 24 24 ,14 14 14 14 14 14 14 14 14 14 14 14 14 14 14 14 14 ,7 7 7 7 7 7 7 7 7 7 7 7 7 7 7 7 7 ,,0: ,
3979771,Conversation Looseleaf,1.25766,1,0 22 22 22 22 22 22 22 22 22 22 22 22 22 22 22 22 22 ,20 20 20 20 20 20 20 20 20 20 20 20 20 20 20 20 20 20 ,11 11 11 11 11 11 11 11 11 11 11 11 11 11 11 11 11 11 ,,0: ,
9724871,Elliot's Pointy Toothbrush,1.36941,0,0 28 28 28 28 28 28 28 28 28 28 28 28 28 28 ,15 15 15 15 15 15 15 15 15 15 15 15 15 15 15 ,3 3 3 3 3 3 3 3 3 3 3 3 3 3 3 ,,0: ,
8496520,Key Goblins and Badgers,0.779448,1,0 23 23 23 23 23 23 23 23 23 23 23 23 23 23 23 23 ,16 16 16 16 16 16 16 16 16 16 16 16 16 16 16 16 16 ,11 11 11 11 11 11 11 11 11 11 11 11 11 11 11 11 11 ,,0: ,
2121034,Spiffing Dream and a Pinch of Compass,0.173804,0,0 21 21 21 21 21 21 21 21 21 21 21 21 21 21 21 21 21 21 ,15 15 15 15 15 15 15 15 15 15 15 15 15 15 15 15 15 15 15 ,14 14 14 14 14 14 14 14 14 14 14 14 14 14 14 14 14 14 14 ,,0: ,
7080393,McKey,0.926751,1,0 21 21 21 21 21 21 21 21 21 21 21 21 21 21 21 21 21 21 ,17 17 17 17 17 17 17 17 17 17 17 17 17 17 17 17 17 17 17 ,3 3 3 3 3 3 3 3 3 3 3 3 3 3 3 3 3 3 3 ,,0: ,
8279828,The Blabbermouth Blankly,1.091,0,0 17 17 17 17 17 17 17 17 17 17 17 17 17 17 17 17 17 17 17 17 17 17 ,17 17 17 17 17 17 17 17 17 17 17 17 17 17 17 17 17 17 17 17 17 17 17 ,14 14 14 14 14 14 14 14 14 14 14 14 14 14 14 14 14 14 14 14 14 14 14 ,,0: ,
3822854,Ascension Mystic,0.436993,1,0 21 21 21 21 21 21 21 21 21 21 21 21 21 21 21 21 21 21 ,14 14 14 14 14 14 14 14 14 14 14 14 14 14 14 14 14 14 14 ,13 13 13 13 13 13 13 13 13 13 13 13 13 13 13 13 13 13 13 ,,0: ,
2787880,Rage Against the Pixie,1.34607,0,0 25 25 25 25 25 25 25 25 25 25 25 25 25 25 25 ,28 28 28 28 28 28 28 28 28 28 28 28 28 28 28 28 ,2 2 2 2 2 2 2 2 2 2 2 2 2 2 2 2 ,,0: ,
1604424,Chamberlain Sprinkles,1.10063,1,0 20 20 20 20 20 20 20 20 20 20 20 20 20 20 20 20 20 20 20 ,11 11 11 11 11 11 11 11 11 11 11 11 11 11 11 11 11 11 11 11 ,19 19 19 19 19 19 19 19 19 19 19 19 19 19 19 19 19 19 19 19 ,,0: ,
4150675,Crazy Division,0.501589,0,0 23 23 23 23 23 23 23 23 23 23 23 23 23 23 23 23 ,22 22 22 22 22 22 22 22 22 22 22 22 22 22 22 22 22 ,5 5 5 5 5 5 5 5 5 5 5 5 5 5 5 5 5 ,,0: ,
7282278,Orbit Eureka,1.71982,1,0 17 17 17 17 17 17 17 17 17 17 17 17 17 17 17 17 17 17 17 17 17 17 ,17 17 17 17 17 17 17 17 17 17 17 17 17 17 17 17 17 17 17 17 17 17 17 ,16 16 16 16 16 16 16 16 16 16 16 16 16 16 16 16 16 16 16 16 16 16 16 ,,0: ,
8226893,Catcher Richer,0.716922,1,0 17 17 17 17 17 17 17 17 17 17 17 17 17 17 17 17 17 17 17 17 17 17 ,24 24 24 24 24 24 24 24 24 24 24 24 24 24 24 24 24 24 24 24 24 24 24 ,14 14 14 14 14 14 14 14 14 14 14 14 14 14 14 14 14 14 14 14 14 14 14 ,,0: ,
5798847,It's My Box,1.13066,1,0 20 20 20 20 20 20 20 20 20 20 20 20 20 20 20 20 20 20 20 ,23 23 23 23 23 23 23 23 23 23 23 23 23 23 23 23 23 23 23 23 ,12 12 12 12 12 12 12 12 12 12 12 12 12 12 12 12 12 12 12 12 ,,0: ,
2051234,This Toothbrush,1.47791,1,0 13 13 13 13 13 13 13 13 13 13 13 13 13 13 13 13 13 13 13 13 13 13 13 13 13 13 13 13 13 ,11 11 11 11 11 11 11 11 11 11 11 11 11 11 11 11 11 11 11 11 11 11 11 11 11 11 11 11 11 11 ,4 4 4 4 4 4 4 4 4 4 4 4 4 4 4 4 4 4 4 4 4 4 4 4 4 4 4 4 4 4 ,,0: ,
1885019,My Heart Your Chins,0.461699,1,0 29 29 29 29 29 29 29 29 29 29 29 29 29 ,12 12 12 12 12 12 12 12 12 12 12 12 12 12 ,11 11 11 11 11 11 11 11 11 11 11 11 11 11 ,,0: ,
6863029,Bring Me the Monkeys,1.28194,1,0 12 12 12 12 12 12 12 12 12 12 12 12 12 12 12 12 12 12 12 12 12 12 12 12 12 12 12 12 12 12 12 ,22 22 22 22 22 22 22 22 22 22 22 22 22 22 22 22 22 22 22 22 22 22 22 22 22 22 22 22 22 22 22 22 ,8 8 8 8 8 8 8 8 8 8 8 8 8 8 8 8 8 8 8 8 8 8 8 8 8 8 8 8 8 8 8 8 ,,0: ,
7286395,Stunning Torch,0.985996,1,0 28 28 28 28 28 28 28 28 28 28 28 28 28 28 ,16 16 16 16 16 16 16 16 16 16 16 16 16 16 16 ,13 13 13 13 13 13 13 13 13 13 13 13 13 13 13 ,,0: ,
9698855,Super Crazy Cockroaches,0.839567,1,0 23 23 23 23 23 23 23 23 23 23 23 23 23 23 23 23 ,17 17 17 17 17 17 17 17 17 17 17 17 17 17 17 17 17 ,6 6 6 6 6 6 6 6 6 6 6 6 6 6 6 6 6 ,,0: ,
9019232,Clutches Workstation,1.10365,1,0 13 13 13 13 13 13 13 13 13 13 13 13 13 13 13 13 13 13 13 13 13 13 13 13 13 13 13 13 13 ,8 8 8 8 8 8 8 8 8 8 8 8 8 8 8 8 8 8 8 8 8 8 8 8 8 8 8 8 8 8 ,7 7 7 7 7 7 7 7 7 7 7 7 7 7 7 7 7 7 7 7 7 7 7 7 7 7 7 7 7 7 ,,0: ,
4070076,Laughing Goblins,1.11186,0,0 19 19 19 19 19 19 19 19 19 19 19 19 19 19 19 19 19 19 19 19 ,13 13 13 13 13 13 13 13 13 13 13 13 13 13 13 13 13 13 13 13 13 ,10 10 10 10 10 10 10 10 10 10 10 10 10 10 10 10 10 10 10 10 10 ,,0: ,
5346388,Quiet Division,0.616874,1,0 14 14 14 14 14 14 14 14 14 14 14 14 14 14 14 14 14 14 14 14 14 14 14 14 14 14 14 ,18 18 18 18 18 18 18 18 18 18 18 18 18 18 18 18 18 18 18 18 18 18 18 18 18 18 18 18 ,12 12 12 12 12 12 12 12 12 12 12 12 12 12 12 12 12 12 12 12 12 12 12 12 12 12 12 12 ,,0: ,
3091607,Toothbrush Monkeys and Monkeys,1.10306,0,0 26 26 26 26 26 26 26 26 26 26 26 26 26 26 26 ,30 30 30 30 30 30 30 30 30 30 30 30 30 30 30 30 ,6 6 6 6 6 6 6 6 6 6 6 6 6 6 6 6 ,,0: ,
9633023,The Disembowel And,0.468524,1,0 17 17 17 17 17 17 17 17 17 17 17 17 17 17 17 17 17 17 17 17 17 17 ,18 18 18 18 18 18 18 18 18 18 18 18 18 18 18 18 18 18 18 18 18 18 18 ,9 9 9 9 9 9 9 9 9 9 9 9 9 9 9 9 9 9 9 9 9 9 9 ,,0: ,
8825884,Allo Goblins,0.796639,1,0 11 11 11 11 11 11 11 11 11 11 11 11 11 11 11 11 11 11 11 11 11 11 11 11 11 11 11 11 11 11 11 11 11 11 ,23 23 23 23 23 23 23 23 23 23 23 23 23 23 23 23 23 23 23 23 23 23 23 23 23 23 23 23 23 23 23 23 23 23 23 ,14 14 14 14 14 14 14 14 14 14 14 14 14 14 14 14 14 14 14 14 14 14 14 14 14 14 14 14 14 14 14 14 14 14 14 ,,0: ,
3219621,Cardinal Ambush,0.932728,0,0 28 28 28 28 28 28 28 28 28 28 28 28 28 28 ,25 25 25 25 25 25 25 25 25 25 25 25 25 25 25 ,9 9 9 9 9 9 9 9 9 9 9 9 9 9 9 ,,0: ,
3520556,The Bellicose Prostate,0.403055,1,0 19 19 19 19 19 19 19 19 19 19 19 19 19 19 19 19 19 19 19 19 ,29 29 29 29 29 29 29 29 29 29 29 29 29 29 29 29 29 29 29 29 29 ,10 10 10 10 10 10 10 10 10 10 10 10 10 10 10 10 10 10 10 10 10 ,,0: ,
6270027,Fourdust,1.30508,1,0 18 18 18 18 18 18 18 18 18 18 18 18 18 18 18 18 18 18 18 18 18 ,30 30 30 30 30 30 30 30 30 30 30 30 30 30 30 30 30 30 30 30 30 30 ,19 19 19 19 19 19 19 19 19 19 19 19 19 19 19 19 19 19 19 19 19 19 ,,0: ,
9129627,Apocalypse Studios,0.381753,0,0 11 11 11 11 11 11 11 11 11 11 11 11 11 11 11 11 11 11 11 11 11 11 11 11 11 11 11 11 11 11 11 11 11 11 ,28 28 28 28 28 28 28 28 28 28 28 28 28 28 28 28 28 28 28 28 28 28 28 28 28 28 28 28 28 28 28 28 28 28 28 ,19 19 19 19 19 19 19 19 19 19 19 19 19 19 19 19 19 19 19 19 19 19 19 19 19 19 19 19 19 19 19 19 19 19 19 ,,0: ,
2035222,Conversation Looseleaf,0.923537,1,0 22 22 22 22 22 22 22 22 22 22 22 22 22 22 22 22 22 ,19 19 19 19 19 19 19 19 19 19 19 19 19 19 19 19 19 19 ,5 5 5 5 5 5 5 5 5 5 5 5 5 5 5 5 5 5 ,,0: ,
1064311,Orbit Eureka,0.000237419,1,0 27 27 27 27 27 27 27 27 27 27 27 27 27 27 ,19 19 19 19 19 19 19 19 19 19 19 19 19 19 19 ,5 5 5 5 5 5 5 5 5 5 5 5 5 5 5 ,,0: ,
5420108,Shunt Unborn,0.171429,0,0 16 16 16 16 16 16 16 16 16 16 16 16 16 16 16 16 16 16 16 16 16 16 16 ,28 28 28 28 28 28 28 28 28 28 28 28 28 28 28 28 28 28 28 28 28 28 28 28 ,0 0 0 0 0 0 0 0 0 0 0 0 0 0 0 0 0 0 0 0 0 0 0 0 ,,0: ,
2656337,Catcher Richer,0.929801,0,0 28 28 28 28 28 28 28 28 28 28 28 28 28 28 ,13 13 13 13 13 13 13 13 13 13 13 13 13 13 13 ,13 13 13 13 13 13 13 13 13 13 13 13 13 13 13 ,,0: ,
3183603,Bobatron,0.795545,1,0 20 20 20 20 20 20 20 20 20 20 20 20 20 20 20 20 20 20 20 ,22 22 22 22 22 22 22 22 22 22 22 22 22 22 22 22 22 22 22 22 ,14 14 14 14 14 14 14 14 14 14 14 14 14 14 14 14 14 14 14 14 ,,0: ,
9753638,Twilight of the Pixie Gods,0.843335,1,0 20 20 20 20 20 20 20 20 20 20 20 20 20 20 20 20 20 20 20 ,28 28 28 28 28 28 28 28 28 28 28 28 28 28 28 28 28 28 28 28 ,9 9 9 9 9 9 9 9 9 9 9 9 9 9 9 9 9 9 9 9 ,,0: ,
4188479,Super Little Monkeys,0.457983,1,0 23 23 23 23 23 23 23 23 23 23 23 23 23 23 23 23 ,18 18 18 18 18 18 18 18 18 18 18 18 18 18 18 18 18 ,9 9 9 9 9 9 9 9 9 9 9 9 9 9 9 9 9 ,,0: ,
7868773,Flight of the Cream Badgers,1.59988,0,0 12 12 12 12 12 12 12 12 12 12 12 12 12 12 12 12 12 12 12 12 12 12 12 12 12 12 12 12 12 12 12 ,15 15 15 15 15 15 15 15 15 15 15 15 15 15 15 15 15 15 15 15 15 15 15 15 15 15 15 15 15 15 15 15 ,9 9 9 9 9 9 9 9 9 9 9 9 9 9 9 9 9 9 9 9 9 9 9 9 9 9 9 9 9 9 9 9 ,,0: ,
7202726,Au Revior Insides,0.798598,0,0 24 24 24 24 24 24 24 24 24 24 24 24 24 24 24 24 ,20 20 20 20 20 20 20 20 20 20 20 20 20 20 20 20 20 ,15 15 15 15 15 15 15 15 15 15 15 15 15 15 15 15 15 ,,0: ,
2643154,Downers Overheard,0.404087,0,0 19 19 19 19 19 19 19 19 19 19 19 19 19 19 19 19 19 19 19 19 ,11 11 11 11 11 11 11 11 11 11 11 11 11 11 11 11 11 11 11 11 11 ,5 5 5 5 5 5 5 5 5 5 5 5 5 5 5 5 5 5 5 5 5 ,,0: ,
6460313,It's My Box,0.258561,1,0 13 13 13 13 13 13 13 13 13 13 13 13 13 13 13 13 13 13 13 13 13 13 13 13 13 13 13 13 13 ,18 18 18 18 18 18 18 18 18 18 18 18 18 18 18 18 18 18 18 18 18 18 18 18 18 18 18 18 18 18 ,4 4 4 4 4 4 4 4 4 4 4 4 4 4 4 4 4 4 4 4 4 4 4 4 4 4 4 4 4 4 ,,0: ,
4203546,My Stunning Romance,0.505157,1,0 19 19 19 19 19 19 19 19 19 19 19 19 19 19 19 19 19 19 19 19 ,25 25 25 25 25 25 25 25 25 25 25 25 25 25 25 25 25 25 25 25 25 ,11 11 11 11 11 11 11 11 11 11 11 11 11 11 11 11 11 11 11 11 11 ,,0: ,
5596052,The Out,1.15607,0,0 23 23 23 23 23 23 23 23 23 23 23 23 23 23 23 23 ,17 17 17 17 17 17 17 17 17 17 17 17 17 17 17 17 17 ,15 15 15 15 15 15 15 15 15 15 15 15 15 15 15 15 15 ,,0: ,
3584859,Spiffingknot,0.61328,0,0 21 21 21 21 21 21 21 21 21 21 21 21 21 21 21 21 21 21 ,27 27 27 27 27 27 27 27 27 27 27 27 27 27 27 27 27 27 27 ,9 9 9 9 9 9 9 9 9 9 9 9 9 9 9 9 9 9 9 ,,0: ,
6150333,Or Continental,0.101909,1,0 22 22 22 22 22 22 22 22 22 22 22 22 22 22 22 22 22 ,22 22 22 22 22 22 22 22 22 22 22 22 22 22 22 22 22 22 ,7 7 7 7 7 7 7 7 7 7 7 7 7 7 7 7 7 7 ,,0: ,
2850892,Vehemence Billiards,0.640259,0,0 16 16 16 16 16 16 16 16 16 16 16 16 16 16 16 16 16 16 16 16 16 16 16 ,20 20 20 20 20 20 20 20 20 20 20 20 20 20 20 20 20 20 20 20 20 20 20 20 ,10 10 10 10 10 10 10 10 10 10 10 10 10 10 10 10 10 10 10 10 10 10 10 10 ,,0: ,
5487035,Deaf Spiders,0.375101,0,0 14 14 14 14 14 14 14 14 14 14 14 14 14 14 14 14 14 14 14 14 14 14 14 14 14 14 14 ,22 22 22 22 22 22 22 22 22 22 22 22 22 22 22 22 22 22 22 22 22 22 22 22 22 22 22 22 ,8 8 8 8 8 8 8 8 8 8 8 8 8 8 8 8 8 8 8 8 8 8 8 8 8 8 8 8 ,,0: ,
4240943,Monkeys for the Street Artists,1.04955,1,0 16 16 16 16 16 16 16 16 16 16 16 16 16 16 16 16 16 16 16 16 16 16 16 ,27 27 27 27 27 27 27 27 27 27 27 27 27 27 27 27 27 27 27 27 27 27 27 27 ,6 6 6 6 6 6 6 6 6 6 6 6 6 6 6 6 6 6 6 6 6 6 6 6 ,,0: ,
9563756,The Super Heroes of My Bed,0.402691,1,0 20 20 20 20 20 20 20 20 20 20 20 20 20 20 20 20 20 20 20 ,12 12 12 12 12 12 12 12 12 12 12 12 12 12 12 12 12 12 12 12 ,8 8 8 8 8 8 8 8 8 8 8 8 8 8 8 8 8 8 8 8 ,,0: ,
6499061,Chili Mischief,0.617802,0,0 12 12 12 12 12 12 12 12 12 12 12 12 12 12 12 12 12 12 12 12 12 12 12 12 12 12 12 12 12 12 12 ,14 14 14 14 14 14 14 14 14 14 14 14 14 14 14 14 14 14 14 14 14 14 14 14 14 14 14 14 14 14 14 14 ,14 14 14 14 14 14 14 14 14 14 14 14 14 14 14 14 14 14 14 14 14 14 14 14 14 14 14 14 14 14 14 14 ,,0: ,
3201996,Ron Talent,0.275213,1,0 29 29 29 29 29 29 29 29 29 29 29 29 29 ,8 8 8 8 8 8 8 8 8 8 8 8 8 8 ,1 1 1 1 1 1 1 1 1 1 1 1 1 1 ,,0: ,
2809454,Balloons Ten,1.04257,1,0 21 21 21 21 21 21 21 21 21 21 21 21 21 21 21 21 21 21 ,21 21 21 21 21 21 21 21 21 21 21 21 21 21 21 21 21 21 21 ,15 15 15 15 15 15 15 15 15 15 15 15 15 15 15 15 15 15 15 ,,0: ,
2657899,Bathtub Running,0.457063,1,0 21 21 21 21 21 21 21 21 21 21 21 21 21 21 21 21 21 21 ,18 18 18 18 18 18 18 18 18 18 18 18 18 18 18 18 18 18 18 ,1 1 1 1 1 1 1 1 1 1 1 1 1 1 1 1 1 1 1 ,,0: ,
5452695,The Neurosis Covenant,0.93015,0,0 23 23 23 23 23 23 23 23 23 23 23 23 23 23 23 23 ,22 22 22 22 22 22 22 22 22 22 22 22 22 22 22 22 22 ,9 9 9 9 9 9 9 9 9 9 9 9 9 9 9 9 9 ,,0: ,
1981648,Envoy Summon,0.599682,0,0 26 26 26 26 26 26 26 26 26 26 26 26 26 26 26 ,21 21 21 21 21 21 21 21 21 21 21 21 21 21 21 21 ,5 5 5 5 5 5 5 5 5 5 5 5 5 5 5 5 ,,0: ,
8309981,The Checklist Socialize,0.869817,0,0 21 21 21 21 21 21 21 21 21 21 21 21 21 21 21 21 21 21 ,14 14 14 14 14 14 14 14 14 14 14 14 14 14 14 14 14 14 14 ,9 9 9 9 9 9 9 9 9 9 9 9 9 9 9 9 9 9 9 ,,0: ,
8150266,Key of the Quiet Goblins,0.966301,1,0 18 18 18 18 18 18 18 18 18 18 18 18 18 18 18 18 18 18 18 18 18 ,18 18 18 18 18 18 18 18 18 18 18 18 18 18 18 18 18 18 18 18 18 18 ,14 14 14 14 14 14 14 14 14 14 14 14 14 14 14 14 14 14 14 14 14 14 ,,0: ,
6021123,Envoy Summon,0.955103,1,0 17 17 17 17 17 17 17 17 17 17 17 17 17 17 17 17 17 17 17 17 17 17 ,21 21 21 21 21 21 21 21 21 21 21 21 21 21 21 21 21 21 21 21 21 21 21 ,9 9 9 9 9 9 9 9 9 9 9 9 9 9 9 9 9 9 9 9 9 9 9 ,,0: ,
9429600,Mild Mild,1.05425,1,0 16 16 16 16 16 16 16 16 16 16 16 16 16 16 16 16 16 16 16 16 16 16 16 ,20 20 20 20 20 20 20 20 20 20 20 20 20 20 20 20 20 20 20 20 20 20 20 20 ,4 4 4 4 4 4 4 4 4 4 4 4 4 4 4 4 4 4 4 4 4 4 4 4 ,,0: ,
1556105,Torch Books and Cockroaches,0.220356,1,0 22 22 22 22 22 22 22 22 22 22 22 22 22 22 22 22 22 ,25 25 25 25 25 25 25 25 25 25 25 25 25 25 25 25 25 25 ,11 11 11 11 11 11 11 11 11 11 11 11 11 11 11 11 11 11 ,,0: ,
1487968,Running for the Spiffing Woman,0.719226,0,0 17 17 17 17 17 17 17 17 17 17 17 17 17 17 17 17 17 17 17 17 17 17 ,21 21 21 21 21 21 21 21 21 21 21 21 21 21 21 21 21 21 21 21 21 21 21 ,5 5 5 5 5 5 5 5 5 5 5 5 5 5 5 5 5 5 5 5 5 5 5 ,,0: ,
3638994,The Hot Service,1.36937,0,0 19 19 19 19 19 19 19 19 19 19 19 19 19 19 19 19 19 19 19 19 ,24 24 24 24 24 24 24 24 24 24 24 24 24 24 24 24 24 24 24 24 24 ,13 13 13 13 13 13 13 13 13 13 13 13 13 13 13 13 13 13 13 13 13 ,,0: ,
8792174,The Hot Service,0.469296,1,0 21 21 21 21 21 21 21 21 21 21 21 21 21 21 21 21 21 21 ,10 10 10 10 10 10 10 10 10 10 10 10 10 10 10 10 10 10 10 ,5 5 5 5 5 5 5 5 5 5 5 5 5 5 5 5 5 5 5 ,,0: ,
1411272,Crazy Torch Brigade,1.03711,0,0 21 21 21 21 21 21 21 21 21 21 21 21 21 21 21 21 21 21 ,20 20 20 20 20 20 20 20 20 20 20 20 20 20 20 20 20 20 20 ,7 7 7 7 7 7 7 7 7 7 7 7 7 7 7 7 7 7 7 ,,0: ,
5054116,Bourgeois Clubhouse,0.565527,0,0 20 20 20 20 20 20 20 20 20 20 20 20 20 20 20 20 20 20 20 ,22 22 22 22 22 22 22 22 22 22 22 22 22 22 22 22 22 22 22 22 ,19 19 19 19 19 19 19 19 19 19 19 19 19 19 19 19 19 19 19 19 ,,0: ,
2956919,Box Ten,0.569372,0,0 19 19 19 19 19 19 19 19 19 19 19 19 19 19 19 19 19 19 19 19 ,17 17 17 17 17 17 17 17 17 17 17 17 17 17 17 17 17 17 17 17 17 ,8 8 8 8 8 8 8 8 8 8 8 8 8 8 8 8 8 8 8 8 8 ,,0: ,
5902413,The Skipping Little Street Artists,0.245522,1,0 13 13 13 13 13 13 13 13 13 13 13 13 13 13 13 13 13 13 13 13 13 13 13 13 13 13 13 13 13 ,19 19 19 19 19 19 19 19 19 19 19 19 19 19 19 19 19 19 19 19 19 19 19 19 19 19 19 19 19 19 ,12 12 12 12 12 12 12 12 12 12 12 12 12 12 12 12 12 12 12 12 12 12 12 12 12 12 12 12 12 12 ,,0: ,
6435268,Clutches Workstation,0.851779,1,0 16 16 16 16 16 16 16 16 16 16 16 16 16 16 16 16 16 16 16 16 16 16 16 ,24 24 24 24 24 24 24 24 24 24 24 24 24 24 24 24 24 24 24 24 24 24 24 24 ,11 11 11 11 11 11 11 11 11 11 11 11 11 11 11 11 11 11 11 11 11 11 11 11 ,,0: ,
5278337,Ron Talent,0.271199,0,0 14 14 14 14 14 14 14 14 14 14 14 14 14 14 14 14 14 14 14 14 14 14 14 14 14 14 14 ,27 27 27 27 27 27 27 27 27 27 27 27 27 27 27 27 27 27 27 27 27 27 27 27 27 27 27 27 ,6 6 6 6 6 6 6 6 6 6 6 6 6 6 6 6 6 6 6 6 6 6 6 6 6 6 6 6 ,,0: ,
2291546,Bigplay,0.692866,0,0 16 16 16 16 16 16 16 16 16 16 16 16 16 16 16 16 16 16 16 16 16 16 16 ,10 10 10 10 10 10 10 10 10 10 10 10 10 10 10 10 10 10 10 10 10 10 10 10 ,13 13 13 13 13 13 13 13 13 13 13 13 13 13 13 13 13 13 13 13 13 13 13 13 ,,0: ,
1633017,Ticker Betting,0.992766,0,0 13 13 13 13 13 13 13 13 13 13 13 13 13 13 13 13 13 13 13 13 13 13 13 13 13 13 13 13 13 ,27 27 27 27 27 27 27 27 27 27 27 27 27 27 27 27 27 27 27 27 27 27 27 27 27 27 27 27 27 27 ,6 6 6 6 6 6 6 6 6 6 6 6 6 6 6 6 6 6 6 6 6 6 6 6 6 6 6 6 6 6 ,,0: ,
3142306,Of Men and Lions,1.15927,1,0 24 24 24 24 24 24 24 24 24 24 24 24 24 24 24 24 ,9 9 9 9 9 9 9 9 9 9 9 9 9 9 9 9 9 ,9 9 9 9 9 9 9 9 9 9 9 9 9 9 9 9 9 ,,0: ,
5831783,Orbit Eureka,1.36662,1,0 25 25 25 25 25 25 25 25 25 25 25 25 25 25 25 ,19 19 19 19 19 19 19 19 19 19 19 19 19 19 19 19 ,15 15 15 15 15 15 15 15 15 15 15 15 15 15 15 15 ,,0: ,
1128312,Revenger Chauffeur,0.697781,0,0 17 17 17 17 17 17 17 17 17 17 17 17 17 17 17 17 17 17 17 17 17 17 ,18 18 18 18 18 18 18 18 18 18 18 18 18 18 18 18 18 18 18 18 18 18 18 ,15 15 15 15 15 15 15 15 15 15 15 15 15 15 15 15 15 15 15 15 15 15 15 ,,0: ,
2044502,Pheobe Wonder,1.48275,1,0 23 23 23 23 23 23 23 23 23 23 23 23 23 23 23 23 ,16 16 16 16 16 16 16 16 16 16 16 16 16 16 16 16 16 ,12 12 12 12 12 12 12 12 12 12 12 12 12 12 12 12 12 ,,0: ,
8636962,Ron Wonder,0.867683,1,0 21 21 21 21 21 21 21 21 21 21 21 21 21 21 21 21 21 21 ,7 7 7 7 7 7 7 7 7 7 7 7 7 7 7 7 7 7 7 ,12 12 12 12 12 12 12 12 12 12 12 12 12 12 12 12 12 12 12 ,,0: ,
9367200,My Hot Romance,0.378565,0,0 16 16 16 16 16 16 16 16 16 16 16 16 16 16 16 16 16 16 16 16 16 16 16 ,16 16 16 16 16 16 16 16 16 16 16 16 16 16 16 16 16 16 16 16 16 16 16 16 ,6 6 6 6 6 6 6 6 6 6 6 6 6 6 6 6 6 6 6 6 6 6 6 6 ,,0: ,
1672727,Allo Monkeys,0.802656,0,0 13 13 13 13 13 13 13 13 13 13 13 13 13 13 13 13 13 13 13 13 13 13 13 13 13 13 13 13 13 ,23 23 23 23 23 23 23 23 23 23 23 23 23 23 23 23 23 23 23 23 23 23 23 23 23 23 23 23 23 23 ,13 13 13 13 13 13 13 13 13 13 13 13 13 13 13 13 13 13 13 13 13 13 13 13 13 13 13 13 13 13 ,,0: ,
9551780,The Out,1.48614,0,0 21 21 21 21 21 21 21 21 21 21 21 21 21 21 21 21 21 21 ,18 18 18 18 18 18 18 18 18 18 18 18 18 18 18 18 18 18 18 ,2 2 2 2 2 2 2 2 2 2 2 2 2 2 2 2 2 2 2 ,,0: ,
1029357,The Albacore But,0.918747,1,0 21 21 21 21 21 21 21 21 21 21 21 21 21 21 21 21 21 21 ,17 17 17 17 17 17 17 17 17 17 17 17 17 17 17 17 17 17 17 ,18 18 18 18 18 18 18 18 18 18 18 18 18 18 18 18 18 18 18 ,,0: ,
5681803,The Motor Glitter,0.475319,1,0 13 13 13 13 13 13 13 13 13 13 13 13 13 13 13 13 13 13 13 13 13 13 13 13 13 13 13 13 13 ,26 26 26 26 26 26 26 26 26 26 26 26 26 26 26 26 26 26 26 26 26 26 26 26 26 26 26 26 26 26 ,13 13 13 13 13 13 13 13 13 13 13 13 13 13 13 13 13 13 13 13 13 13 13 13 13 13 13 13 13 13 ,,0: ,
1746834,Elliot Eats the Toothbrush,0.279756,1,0 23 23 23 23 23 23 23 23 23 23 23 23 23 23 23 23 ,34 34 34 34 34 34 34 34 34 34 34 34 34 34 34 34 34 ,10 10 10 10 10 10 10 10 10 10 10 10 10 10 10 10 10 ,,0: ,
4022954,The District Rail,0.900916,1,0 30 30 30 30 30 30 30 30 30 30 30 30 30 ,15 15 15 15 15 15 15 15 15 15 15 15 15 15 ,0 0 0 0 0 0 0 0 0 0 0 0 0 0 ,,0: ,
9305411,The Hot Knickers,0.595551,1,0 16 16 16 16 16 16 16 16 16 16 16 16 16 16 16 16 16 16 16 16 16 16 16 ,18 18 18 18 18 18 18 18 18 18 18 18 18 18 18 18 18 18 18 18 18 18 18 18 ,4 4 4 4 4 4 4 4 4 4 4 4 4 4 4 4 4 4 4 4 4 4 4 4 ,,0: ,
2882492,Elliot's Midnight Street Artists,0.659996,1,0 19 19 19 19 19 19 19 19 19 19 19 19 19 19 19 19 19 19 19 19 ,23 23 23 23 23 23 23 23 23 23 23 23 23 23 23 23 23 23 23 23 23 ,6 6 6 6 6 6 6 6 6 6 6 6 6 6 6 6 6 6 6 6 6 ,,0: ,
5383368,Unlabelled Dynasty,0.105574,0,0 13 13 13 13 13 13 13 13 13 13 13 13 13 13 13 13 13 13 13 13 13 13 13 13 13 13 13 13 13 ,18 18 18 18 18 18 18 18 18 18 18 18 18 18 18 18 18 18 18 18 18 18 18 18 18 18 18 18 18 18 ,8 8 8 8 8 8 8 8 8 8 8 8 8 8 8 8 8 8 8 8 8 8 8 8 8 8 8 8 8 8 ,,0: ,
4635091,Teenage Super White Balloons,1.24063,1,0 16 16 16 16 16 16 16 16 16 16 16 16 16 16 16 16 16 16 16 16 16 16 16 ,17 17 17 17 17 17 17 17 17 17 17 17 17 17 17 17 17 17 17 17 17 17 17 17 ,8 8 8 8 8 8 8 8 8 8 8 8 8 8 8 8 8 8 8 8 8 8 8 8 ,,0: ,
3418516,Discuss Crossroad,1.47575,1,0 12 12 12 12 12 12 12 12 12 12 12 12 12 12 12 12 12 12 12 12 12 12 12 12 12 12 12 12 12 12 12 ,13 13 13 13 13 13 13 13 13 13 13 13 13 13 13 13 13 13 13 13 13 13 13 13 13 13 13 13 13 13 13 13 ,11 11 11 11 11 11 11 11 11 11 11 11 11 11 11 11 11 11 11 11 11 11 11 11 11 11 11 11 11 11 11 11 ,,0: ,
9640937,Quart Auger,0.816642,1,0 20 20 20 20 20 20 20 20 20 20 20 20 20 20 20 20 20 20 20 ,13 13 13 13 13 13 13 13 13 13 13 13 13 13 13 13 13 13 13 13 ,11 11 11 11 11 11 11 11 11 11 11 11 11 11 11 11 11 11 11 11 ,,0: ,
9089747,Photos Weddings,0.961822,1,0 24 24 24 24 24 24 24 24 24 24 24 24 24 24 24 24 ,18 18 18 18 18 18 18 18 18 18 18 18 18 18 18 18 18 ,13 13 13 13 13 13 13 13 13 13 13 13 13 13 13 13 13 ,,0: ,
7532018,Stunning Division,0.464718,1,0 15 15 15 15 15 15 15 15 15 15 15 15 15 15 15 15 15 15 15 15 15 15 15 15 15 ,22 22 22 22 22 22 22 22 22 22 22 22 22 22 22 22 22 22 22 22 22 22 22 22 22 22 ,19 19 19 19 19 19 19 19 19 19 19 19 19 19 19 19 19 19 19 19 19 19 19 19 19 19 ,,0: ,
5377600,Envoy Summon,0.810639,1,0 23 23 23 23 23 23 23 23 23 23 23 23 23 23 23 23 ,17 17 17 17 17 17 17 17 17 17 17 17 17 17 17 17 17 ,17 17 17 17 17 17 17 17 17 17 17 17 17 17 17 17 17 ,,0: ,
6503249,The Why Tonnage,0.339689,1,0 27 27 27 27 27 27 27 27 27 27 27 27 27 27 ,16 16 16 16 16 16 16 16 16 16 16 16 16 16 16 ,0 0 0 0 0 0 0 0 0 0 0 0 0 0 0 ,,0: ,
5588509,Ramsay Street Thunder Lips,0.464194,1,0 16 16 16 16 16 16 16 16 16 16 16 16 16 16 16 16 16 16 16 16 16 16 16 ,21 21 21 21 21 21 21 21 21 21 21 21 21 21 21 21 21 21 21 21 21 21 21 21 ,10 10 10 10 10 10 10 10 10 10 10 10 10 10 10 10 10 10 10 10 10 10 10 10 ,,0: ,
4187215,Ron Nor,0.760118,1,0 18 18 18 18 18 18 18 18 18 18 18 18 18 18 18 18 18 18 18 18 18 ,25 25 25 25 25 25 25 25 25 25 25 25 25 25 25 25 25 25 25 25 25 25 ,10 10 10 10 10 10 10 10 10 10 10 10 10 10 10 10 10 10 10 10 10 10 ,,0: ,
8044806,Bathtub Running,0.641391,0,0 20 20 20 20 20 20 20 20 20 20 20 20 20 20 20 20 20 20 20 ,24 24 24 24 24 24 24 24 24 24 24 24 24 24 24 24 24 24 24 24 ,6 6 6 6 6 6 6 6 6 6 6 6 6 6 6 6 6 6 6 6 ,,0: ,
8221406,Taking Back January,1.40469,1,0 21 21 21 21 21 21 21 21 21 21 21 21 21 21 21 21 21 21 ,25 25 25 25 25 25 25 25 25 25 25 25 25 25 25 25 25 25 25 ,5 5 5 5 5 5 5 5 5 5 5 5 5 5 5 5 5 5 5 ,,0: ,
3117163,Some Marina,0.893609,0,0 14 14 14 14 14 14 14 14 14 14 14 14 14 14 14 14 14 14 14 14 14 14 14 14 14 14 14 ,12 12 12 12 12 12 12 12 12 12 12 12 12 12 12 12 12 12 12 12 12 12 12 12 12 12 12 12 ,2 2 2 2 2 2 2 2 2 2 2 2 2 2 2 2 2 2 2 2 2 2 2 2 2 2 2 2 ,,0: ,
4148760,Unlabelled Dynasty,0.191605,0,0 23 23 23 23 23 23 23 23 23 23 23 23 23 23 23 23 ,19 19 19 19 19 19 19 19 19 19 19 19 19 19 19 19 19 ,5 5 5 5 5 5 5 5 5 5 5 5 5 5 5 5 5 ,,0: ,
5481935,The Out,0.817375,1,0 18 18 18 18 18 18 18 18 18 18 18 18 18 18 18 18 18 18 18 18 18 ,19 19 19 19 19 19 19 19 19 19 19 19 19 19 19 19 19 19 19 19 19 19 ,13 13 13 13 13 13 13 13 13 13 13 13 13 13 13 13 13 13 13 13 13 13 ,,0: ,
2767131,The Husk Under,1.3286,0,0 18 18 18 18 18 18 18 18 18 18 18 18 18 18 18 18 18 18 18 18 18 ,21 21 21 21 21 21 21 21 21 21 21 21 21 21 21 21 21 21 21 21 21 21 ,3 3 3 3 3 3 3 3 3 3 3 3 3 3 3 3 3 3 3 3 3 3 ,,0: ,
3125691,Taking Back June,0.457362,1,0 14 14 14 14 14 14 14 14 14 14 14 14 14 14 14 14 14 14 14 14 14 14 14 14 14 14 14 ,21 21 21 21 21 21 21 21 21 21 21 21 21 21 21 21 21 21 21 21 21 21 21 21 21 21 21 21 ,17 17 17 17 17 17 17 17 17 17 17 17 17 17 17 17 17 17 17 17 17 17 17 17 17 17 17 17 ,,0: ,
5151034,Flight of the Green Cockroaches,0.497118,1,0 29 29 29 29 29 29 29 29 29 29 29 29 29 ,21 21 21 21 21 21 21 21 21 21 21 21 21 21 ,9 9 9 9 9 9 9 9 9 9 9 9 9 9 ,,0: ,
7269910,The Omnibus Rheumatic,1.39019,0,0 25 25 25 25 25 25 25 25 25 25 25 25 25 25 25 ,15 15 15 15 15 15 15 15 15 15 15 15 15 15 15 15 ,14 14 14 14 14 14 14 14 14 14 14 14 14 14 14 14 ,,0: ,
3465500,Teenage Spiffing Purple Thoughts,0.698682,1,0 26 26 26 26 26 26 26 26 26 26 26 26 26 26 26 ,25 25 25 25 25 25 25 25 25 25 25 25 25 25 25 25 ,14 14 14 14 14 14 14 14 14 14 14 14 14 14 14 14 ,,0: ,
8535766,The Inactive Flock,0.612963,0,0 18 18 18 18 18 18 18 18 18 18 18 18 18 18 18 18 18 18 18 18 18 ,13 13 13 13 13 13 13 13 13 13 13 13 13 13 13 13 13 13 13 13 13 13 ,18 18 18 18 18 18 18 18 18 18 18 18 18 18 18 18 18 18 18 18 18 18 ,,0: ,
9812700,The Hot Knickers,0.630091,1,0 18 18 18 18 18 18 18 18 18 18 18 18 18 18 18 18 18 18 18 18 18 ,20 20 20 20 20 20 20 20 20 20 20 20 20 20 20 20 20 20 20 20 20 20 ,3 3 3 3 3 3 3 3 3 3 3 3 3 3 3 3 3 3 3 3 3 3 ,,0: ,
9015013,Charlie Eilrahc,0.88356,1,0 28 28 28 28 28 28 28 28 28 28 28 28 28 28 ,16 16 16 16 16 16 16 16 16 16 16 16 16 16 16 ,8 8 8 8 8 8 8 8 8 8 8 8 8 8 8 ,,0: ,
8063773,Crazy Winter,0.950407,0,0 22 22 22 22 22 22 22 22 22 22 22 22 22 22 22 22 22 ,22 22 22 22 22 22 22 22 22 22 22 22 22 22 22 22 22 22 ,16 16 16 16 16 16 16 16 16 16 16 16 16 16 16 16 16 16 ,,0: ,
6525347,Tendust,0.249711,1,0 21 21 21 21 21 21 21 21 21 21 21 21 21 21 21 21 21 21 ,23 23 23 23 23 23 23 23 23 23 23 23 23 23 23 23 23 23 23 ,5 5 5 5 5 5 5 5 5 5 5 5 5 5 5 5 5 5 5 ,,0: ,
4570371,Bobatron,0.695094,0,0 17 17 17 17 17 17 17 17 17 17 17 17 17 17 17 17 17 17 17 17 17 17 ,18 18 18 18 18 18 18 18 18 18 18 18 18 18 18 18 18 18 18 18 18 18 18 ,9 9 9 9 9 9 9 9 9 9 9 9 9 9 9 9 9 9 9 9 9 9 9 ,,0: ,
6247594,Fourdust,0.391718,0,0 23 23 23 23 23 23 23 23 23 23 23 23 23 23 23 23 ,21 21 21 21 21 21 21 21 21 21 21 21 21 21 21 21 21 ,13 13 13 13 13 13 13 13 13 13 13 13 13 13 13 13 13 ,,0: ,
4223297,Debacle Archive,0.755359,1,0 15 15 15 15 15 15 15 15 15 15 15 15 15 15 15 15 15 15 15 15 15 15 15 15 15 ,14 14 14 14 14 14 14 14 14 14 14 14 14 14 14 14 14 14 14 14 14 14 14 14 14 14 ,18 18 18 18 18 18 18 18 18 18 18 18 18 18 18 18 18 18 18 18 18 18 18 18 18 18 ,,0: ,
8491309,Bathtub Joking,1.08158,0,0 23 23 23 23 23 23 23 23 23 23 23 23 23 23 23 23 ,19 19 19 19 19 19 19 19 19 19 19 19 19 19 19 19 19 ,11 11 11 11 11 11 11 11 11 11 11 11 11 11 11 11 11 ,,0: ,
9695379,Letters From Bob of the Cockroaches,0.985166,1,0 18 18 18 18 18 18 18 18 18 18 18 18 18 18 18 18 18 18 18 18 18 ,13 13 13 13 13 13 13 13 13 13 13 13 13 13 13 13 13 13 13 13 13 13 ,11 11 11 11 11 11 11 11 11 11 11 11 11 11 11 11 11 11 11 11 11 11 ,,0: ,
4209249,Allo Monkeys,1.24393,1,0 22 22 22 22 22 22 22 22 22 22 22 22 22 22 22 22 22 ,13 13 13 13 13 13 13 13 13 13 13 13 13 13 13 13 13 13 ,10 10 10 10 10 10 10 10 10 10 10 10 10 10 10 10 10 10 ,,0: ,
7682012,They Might Be Quiet Badgers,0.371756,1,0 9 9 9 9 9 9 9 9 9 9 9 9 9 9 9 9 9 9 9 9 9 9 9 9 9 9 9 9 9 9 9 9 9 9 9 9 9 9 9 9 9 ,28 28 28 28 28 28 28 28 28 28 28 28 28 28 28 28 28 28 28 28 28 28 28 28 28 28 28 28 28 28 28 28 28 28 28 28 28 28 28 28 28 28 ,19 19 19 19 19 19 19 19 19 19 19 19 19 19 19 19 19 19 19 19 19 19 19 19 19 19 19 19 19 19 19 19 19 19 19 19 19 19 19 19 19 19 ,,0: ,
2140003,Elliot and the Angry Toothbrush,0.787238,1,0 34 34 34 34 34 34 34 34 34 34 34 ,29 29 29 29 29 29 29 29 29 29 29 29 ,6 6 6 6 6 6 6 6 6 6 6 6 ,,0: ,
1581027,Monkeys for the Street Artists,0.0239135,0,0 17 17 17 17 17 17 17 17 17 17 17 17 17 17 17 17 17 17 17 17 17 17 ,26 26 26 26 26 26 26 26 26 26 26 26 26 26 26 26 26 26 26 26 26 26 26 ,14 14 14 14 14 14 14 14 14 14 14 14 14 14 14 14 14 14 14 14 14 14 14 ,,0: ,
2054382,Allo Goblins,1.18811,1,0 18 18 18 18 18 18 18 18 18 18 18 18 18 18 18 18 18 18 18 18 18 ,18 18 18 18 18 18 18 18 18 18 18 18 18 18 18 18 18 18 18 18 18 18 ,13 13 13 13 13 13 13 13 13 13 13 13 13 13 13 13 13 13 13 13 13 13 ,,0: ,
5528209,Elliot's Pointy Toothbrush,0.419495,1,0 27 27 27 27 27 27 27 27 27 27 27 27 27 27 ,11 11 11 11 11 11 11 11 11 11 11 11 11 11 11 ,8 8 8 8 8 8 8 8 8 8 8 8 8 8 8 ,,0: ,
7024895,My Heart Your Chins,2.38554,1,0 25 25 25 25 25 25 25 25 25 25 25 25 25 25 25 ,21 21 21 21 21 21 21 21 21 21 21 21 21 21 21 21 ,9 9 9 9 9 9 9 9 9 9 9 9 9 9 9 9 ,,0: ,
9309781,Twenty Seconds to Hospital,0.66441,1,0 17 17 17 17 17 17 17 17 17 17 17 17 17 17 17 17 17 17 17 17 17 17 ,18 18 18 18 18 18 18 18 18 18 18 18 18 18 18 18 18 18 18 18 18 18 18 ,20 20 20 20 20 20 20 20 20 20 20 20 20 20 20 20 20 20 20 20 20 20 20 ,,0: ,
4393051,Books Twenty,0.704399,0,0 25 25 25 25 25 25 25 25 25 25 25 25 25 25 25 ,20 20 20 20 20 20 20 20 20 20 20 20 20 20 20 20 ,3 3 3 3 3 3 3 3 3 3 3 3 3 3 3 3 ,,0: ,
6274680,Charlie and the Germans,1.21603,1,0 17 17 17 17 17 17 17 17 17 17 17 17 17 17 17 17 17 17 17 17 17 17 ,22 22 22 22 22 22 22 22 22 22 22 22 22 22 22 22 22 22 22 22 22 22 22 ,25 25 25 25 25 25 25 25 25 25 25 25 25 25 25 25 25 25 25 25 25 25 25 ,,0: ,
2257605,The Refutes Pornographer,0.771512,1,0 15 15 15 15 15 15 15 15 15 15 15 15 15 15 15 15 15 15 15 15 15 15 15 15 15 ,17 17 17 17 17 17 17 17 17 17 17 17 17 17 17 17 17 17 17 17 17 17 17 17 17 17 ,19 19 19 19 19 19 19 19 19 19 19 19 19 19 19 19 19 19 19 19 19 19 19 19 19 19 ,,0: ,
5600613,A Box of Thoughts with Purple Compass,0.428814,0,0 19 19 19 19 19 19 19 19 19 19 19 19 19 19 19 19 19 19 19 19 ,18 18 18 18 18 18 18 18 18 18 18 18 18 18 18 18 18 18 18 18 18 ,16 16 16 16 16 16 16 16 16 16 16 16 16 16 16 16 16 16 16 16 16 ,,0: ,
4150568,Hot Division,1.26921,0,0 14 14 14 14 14 14 14 14 14 14 14 14 14 14 14 14 14 14 14 14 14 14 14 14 14 14 14 ,19 19 19 19 19 19 19 19 19 19 19 19 19 19 19 19 19 19 19 19 19 19 19 19 19 19 19 19 ,6 6 6 6 6 6 6 6 6 6 6 6 6 6 6 6 6 6 6 6 6 6 6 6 6 6 6 6 ,,0: ,
7187986,Box Metal,0.934282,1,0 28 28 28 28 28 28 28 28 28 28 28 28 28 28 ,19 19 19 19 19 19 19 19 19 19 19 19 19 19 19 ,6 6 6 6 6 6 6 6 6 6 6 6 6 6 6 ,,0: ,
5844227,Bob and Sons,1.15342,1,0 25 25 25 25 25 25 25 25 25 25 25 25 25 25 25 ,22 22 22 22 22 22 22 22 22 22 22 22 22 22 22 22 ,4 4 4 4 4 4 4 4 4 4 4 4 4 4 4 4 ,,0: ,
5400514,Allo Goblins,0.623874,1,0 18 18 18 18 18 18 18 18 18 18 18 18 18 18 18 18 18 18 18 18 18 ,32 32 32 32 32 32 32 32 32 32 32 32 32 32 32 32 32 32 32 32 32 32 ,1 1 1 1 1 1 1 1 1 1 1 1 1 1 1 1 1 1 1 1 1 1 ,,0: ,
7128459,Ten Laughing Iced Lions,1.2257,0,0 19 19 19 19 19 19 19 19 19 19 19 19 19 19 19 19 19 19 19 19 ,20 20 20 20 20 20 20 20 20 20 20 20 20 20 20 20 20 20 20 20 20 ,8 8 8 8 8 8 8 8 8 8 8 8 8 8 8 8 8 8 8 8 8 ,,0: ,
5691079,Disciples Of Russia,0.762062,1,0 18 18 18 18 18 18 18 18 18 18 18 18 18 18 18 18 18 18 18 18 18 ,22 22 22 22 22 22 22 22 22 22 22 22 22 22 22 22 22 22 22 22 22 22 ,12 12 12 12 12 12 12 12 12 12 12 12 12 12 12 12 12 12 12 12 12 12 ,,0: ,
9622831,Flying Knickers,0.398566,1,0 19 19 19 19 19 19 19 19 19 19 19 19 19 19 19 19 19 19 19 19 ,16 16 16 16 16 16 16 16 16 16 16 16 16 16 16 16 16 16 16 16 16 ,12 12 12 12 12 12 12 12 12 12 12 12 12 12 12 12 12 12 12 12 12 ,,0: ,
9312025,The Toothbrush Sisters,0.090118,0,0 22 22 22 22 22 22 22 22 22 22 22 22 22 22 22 22 22 ,18 18 18 18 18 18 18 18 18 18 18 18 18 18 18 18 18 18 ,3 3 3 3 3 3 3 3 3 3 3 3 3 3 3 3 3 3 ,,0: ,
2554808,The District Rail,0.976983,0,0 28 28 28 28 28 28 28 28 28 28 28 28 28 28 ,24 24 24 24 24 24 24 24 24 24 24 24 24 24 24 ,14 14 14 14 14 14 14 14 14 14 14 14 14 14 14 ,,0: ,
8416227,Video Twinkle,0.603104,1,0 31 31 31 31 31 31 31 31 31 31 31 31 ,21 21 21 21 21 21 21 21 21 21 21 21 21 ,11 11 11 11 11 11 11 11 11 11 11 11 11 ,,0: ,
9905496,Charlie and the Germans,0.984945,1,0 7 7 7 7 7 7 7 7 7 7 7 7 7 7 7 7 7 7 7 7 7 7 7 7 7 7 7 7 7 7 7 7 7 7 7 7 7 7 7 7 7 7 7 7 7 7 7 7 7 7 7 7 7 ,17 17 17 17 17 17 17 17 17 17 17 17 17 17 17 17 17 17 17 17 17 17 17 17 17 17 17 17 17 17 17 17 17 17 17 17 17 17 17 17 17 17 17 17 17 17 17 17 17 17 17 17 17 17 ,11 11 11 11 11 11 11 11 11 11 11 11 11 11 11 11 11 11 11 11 11 11 11 11 11 11 11 11 11 11 11 11 11 11 11 11 11 11 11 11 11 11 11 11 11 11 11 11 11 11 11 11 11 11 ,,0: ,
3561991,The Pixie Lions,0.607522,1,0 17 17 17 17 17 17 17 17 17 17 17 17 17 17 17 17 17 17 17 17 17 17 ,27 27 27 27 27 27 27 27 27 27 27 27 27 27 27 27 27 27 27 27 27 27 27 ,9 9 9 9 9 9 9 9 9 9 9 9 9 9 9 9 9 9 9 9 9 9 9 ,,0: ,
4892496,Key Goblins and Badgers,0.854065,0,0 23 23 23 23 23 23 23 23 23 23 23 23 23 23 23 23 ,18 18 18 18 18 18 18 18 18 18 18 18 18 18 18 18 18 ,7 7 7 7 7 7 7 7 7 7 7 7 7 7 7 7 7 ,,0: ,
8711884,The Jobs Monarchy,0.147082,1,0 21 21 21 21 21 21 21 21 21 21 21 21 21 21 21 21 21 21 ,30 30 30 30 30 30 30 30 30 30 30 30 30 30 30 30 30 30 30 ,13 13 13 13 13 13 13 13 13 13 13 13 13 13 13 13 13 13 13 ,,0: ,
6179255,Teenage Super White Balloons,1.16713,1,0 20 20 20 20 20 20 20 20 20 20 20 20 20 20 20 20 20 20 20 ,18 18 18 18 18 18 18 18 18 18 18 18 18 18 18 18 18 18 18 18 ,10 10 10 10 10 10 10 10 10 10 10 10 10 10 10 10 10 10 10 10 ,,0: ,
9857391,The Duck Cougar,1.34427,1,0 20 20 20 20 20 20 20 20 20 20 20 20 20 20 20 20 20 20 20 ,24 24 24 24 24 24 24 24 24 24 24 24 24 24 24 24 24 24 24 24 ,16 16 16 16 16 16 16 16 16 16 16 16 16 16 16 16 16 16 16 16 ,,0: ,
2092949,All Deus,1.15226,1,0 7 7 7 7 7 7 7 7 7 7 7 7 7 7 7 7 7 7 7 7 7 7 7 7 7 7 7 7 7 7 7 7 7 7 7 7 7 7 7 7 7 7 7 7 7 7 7 7 7 7 7 7 7 ,21 21 21 21 21 21 21 21 21 21 21 21 21 21 21 21 21 21 21 21 21 21 21 21 21 21 21 21 21 21 21 21 21 21 21 21 21 21 21 21 21 21 21 21 21 21 21 21 21 21 21 21 21 21 ,9 9 9 9 9 9 9 9 9 9 9 9 9 9 9 9 9 9 9 9 9 9 9 9 9 9 9 9 9 9 9 9 9 9 9 9 9 9 9 9 9 9 9 9 9 9 9 9 9 9 9 9 9 9 ,,0: ,
2720822,Renewable Auditorium,1.17082,1,0 23 23 23 23 23 23 23 23 23 23 23 23 23 23 23 23 ,16 16 16 16 16 16 16 16 16 16 16 16 16 16 16 16 16 ,6 6 6 6 6 6 6 6 6 6 6 6 6 6 6 6 6 ,,0: ,
6982993,They Might Be Crazy Lions,0.901855,0,0 28 28 28 28 28 28 28 28 28 28 28 28 28 28 ,23 23 23 23 23 23 23 23 23 23 23 23 23 23 23 ,19 19 19 19 19 19 19 19 19 19 19 19 19 19 19 ,,0: ,
3224190,Elliot Eats the Toothbrush,1.06326,1,0 24 24 24 24 24 24 24 24 24 24 24 24 24 24 24 24 ,22 22 22 22 22 22 22 22 22 22 22 22 22 22 22 22 22 ,21 21 21 21 21 21 21 21 21 21 21 21 21 21 21 21 21 ,,0: ,
2964843,The Lummox Salmon,0.950425,1,0 22 22 22 22 22 22 22 22 22 22 22 22 22 22 22 22 22 ,12 12 12 12 12 12 12 12 12 12 12 12 12 12 12 12 12 12 ,14 14 14 14 14 14 14 14 14 14 14 14 14 14 14 14 14 14 ,,0: ,
3864192,The Mummy Cleanliness,1.17618,1,0 16 16 16 16 16 16 16 16 16 16 16 16 16 16 16 16 16 16 16 16 16 16 16 ,24 24 24 24 24 24 24 24 24 24 24 24 24 24 24 24 24 24 24 24 24 24 24 24 ,8 8 8 8 8 8 8 8 8 8 8 8 8 8 8 8 8 8 8 8 8 8 8 8 ,,0: ,
6956390,The Refutes Pornographer,1.28777,0,0 24 24 24 24 24 24 24 24 24 24 24 24 24 24 24 24 ,21 21 21 21 21 21 21 21 21 21 21 21 21 21 21 21 21 ,3 3 3 3 3 3 3 3 3 3 3 3 3 3 3 3 3 ,,0: ,
7072944,Laughing Goblins,0.193094,1,0 21 21 21 21 21 21 21 21 21 21 21 21 21 21 21 21 21 21 ,22 22 22 22 22 22 22 22 22 22 22 22 22 22 22 22 22 22 22 ,15 15 15 15 15 15 15 15 15 15 15 15 15 15 15 15 15 15 15 ,,0: ,
8607006,The Sunset Subcommittees,0.502785,1,0 23 23 23 23 23 23 23 23 23 23 23 23 23 23 23 23 ,22 22 22 22 22 22 22 22 22 22 22 22 22 22 22 22 22 ,18 18 18 18 18 18 18 18 18 18 18 18 18 18 18 18 18 ,,0: ,
4394240,The Willow Funnel,0.675985,0,0 15 15 15 15 15 15 15 15 15 15 15 15 15 15 15 15 15 15 15 15 15 15 15 15 15 ,26 26 26 26 26 26 26 26 26 26 26 26 26 26 26 26 26 26 26 26 26 26 26 26 26 26 ,7 7 7 7 7 7 7 7 7 7 7 7 7 7 7 7 7 7 7 7 7 7 7 7 7 7 ,,0: ,
7033908,Tendust,0.748058,0,0 20 20 20 20 20 20 20 20 20 20 20 20 20 20 20 20 20 20 20 ,18 18 18 18 18 18 18 18 18 18 18 18 18 18 18 18 18 18 18 18 ,7 7 7 7 7 7 7 7 7 7 7 7 7 7 7 7 7 7 7 7 ,,0: ,
6755861,Hacker Inconvenience,0.993968,0,0 21 21 21 21 21 21 21 21 21 21 21 21 21 21 21 21 21 21 ,15 15 15 15 15 15 15 15 15 15 15 15 15 15 15 15 15 15 15 ,9 9 9 9 9 9 9 9 9 9 9 9 9 9 9 9 9 9 9 ,,0: ,
5365508,The Gene Thong,0.80823,0,0 25 25 25 25 25 25 25 25 25 25 25 25 25 25 25 ,20 20 20 20 20 20 20 20 20 20 20 20 20 20 20 20 ,20 20 20 20 20 20 20 20 20 20 20 20 20 20 20 20 ,,0: ,
7572436,Spiffing Dream and a Pinch of Compass,0.215037,1,0 26 26 26 26 26 26 26 26 26 26 26 26 26 26 26 ,15 15 15 15 15 15 15 15 15 15 15 15 15 15 15 15 ,7 7 7 7 7 7 7 7 7 7 7 7 7 7 7 7 ,,0: ,
6569949,Skipping at the Disco,0.35962,0,0 10 10 10 10 10 10 10 10 10 10 10 10 10 10 10 10 10 10 10 10 10 10 10 10 10 10 10 10 10 10 10 10 10 10 10 10 10 ,11 11 11 11 11 11 11 11 11 11 11 11 11 11 11 11 11 11 11 11 11 11 11 11 11 11 11 11 11 11 11 11 11 11 11 11 11 11 ,9 9 9 9 9 9 9 9 9 9 9 9 9 9 9 9 9 9 9 9 9 9 9 9 9 9 9 9 9 9 9 9 9 9 9 9 9 9 ,,0: ,
1753271,Ticker Betting,0.293234,1,0 20 20 20 20 20 20 20 20 20 20 20 20 20 20 20 20 20 20 20 ,19 19 19 19 19 19 19 19 19 19 19 19 19 19 19 19 19 19 19 19 ,7 7 7 7 7 7 7 7 7 7 7 7 7 7 7 7 7 7 7 7 ,,0: ,
8726791,Why Cockroaches Why?,0.799865,1,0 22 22 22 22 22 22 22 22 22 22 22 22 22 22 22 22 22 ,16 16 16 16 16 16 16 16 16 16 16 16 16 16 16 16 16 16 ,5 5 5 5 5 5 5 5 5 5 5 5 5 5 5 5 5 5 ,,0: ,
6534853,Spiffingplay,0.979736,0,0 15 15 15 15 15 15 15 15 15 15 15 15 15 15 15 15 15 15 15 15 15 15 15 15 15 ,17 17 17 17 17 17 17 17 17 17 17 17 17 17 17 17 17 17 17 17 17 17 17 17 17 17 ,10 10 10 10 10 10 10 10 10 10 10 10 10 10 10 10 10 10 10 10 10 10 10 10 10 10 ,,0: ,
5033389,Another Big January,0.921254,0,0 19 19 19 19 19 19 19 19 19 19 19 19 19 19 19 19 19 19 19 19 ,29 29 29 29 29 29 29 29 29 29 29 29 29 29 29 29 29 29 29 29 29 ,8 8 8 8 8 8 8 8 8 8 8 8 8 8 8 8 8 8 8 8 8 ,,0: ,
8557874,Allo Monkeys,0.925534,1,0 14 14 14 14 14 14 14 14 14 14 14 14 14 14 14 14 14 14 14 14 14 14 14 14 14 14 14 ,22 22 22 22 22 22 22 22 22 22 22 22 22 22 22 22 22 22 22 22 22 22 22 22 22 22 22 22 ,6 6 6 6 6 6 6 6 6 6 6 6 6 6 6 6 6 6 6 6 6 6 6 6 6 6 6 6 ,,0: ,
4148176,The Salter Registry,1.46146,0,0 24 24 24 24 24 24 24 24 24 24 24 24 24 24 24 24 ,16 16 16 16 16 16 16 16 16 16 16 16 16 16 16 16 16 ,9 9 9 9 9 9 9 9 9 9 9 9 9 9 9 9 9 ,,0: ,
5191820,The Love of Monkeys,0.152252,0,0 20 20 20 20 20 20 20 20 20 20 20 20 20 20 20 20 20 20 20 ,19 19 19 19 19 19 19 19 19 19 19 19 19 19 19 19 19 19 19 19 ,1 1 1 1 1 1 1 1 1 1 1 1 1 1 1 1 1 1 1 1 ,,0: ,
9586341,Tokens Archive,0.454638,1,0 20 20 20 20 20 20 20 20 20 20 20 20 20 20 20 20 20 20 20 ,24 24 24 24 24 24 24 24 24 24 24 24 24 24 24 24 24 24 24 24 ,11 11 11 11 11 11 11 11 11 11 11 11 11 11 11 11 11 11 11 11 ,,0: ,
4823055,The Registry Socialize,0.90994,1,0 15 15 15 15 15 15 15 15 15 15 15 15 15 15 15 15 15 15 15 15 15 15 15 15 15 ,19 19 19 19 19 19 19 19 19 19 19 19 19 19 19 19 19 19 19 19 19 19 19 19 19 19 ,7 7 7 7 7 7 7 7 7 7 7 7 7 7 7 7 7 7 7 7 7 7 7 7 7 7 ,,0: ,
4197540,Hacker Inconvenience,0.891709,0,0 13 13 13 13 13 13 13 13 13 13 13 13 13 13 13 13 13 13 13 13 13 13 13 13 13 13 13 13 13 ,12 12 12 12 12 12 12 12 12 12 12 12 12 12 12 12 12 12 12 12 12 12 12 12 12 12 12 12 12 12 ,6 6 6 6 6 6 6 6 6 6 6 6 6 6 6 6 6 6 6 6 6 6 6 6 6 6 6 6 6 6 ,,0: ,
5722847,My Stunning Romance,0.743649,1,0 13 13 13 13 13 13 13 13 13 13 13 13 13 13 13 13 13 13 13 13 13 13 13 13 13 13 13 13 13 ,17 17 17 17 17 17 17 17 17 17 17 17 17 17 17 17 17 17 17 17 17 17 17 17 17 17 17 17 17 17 ,8 8 8 8 8 8 8 8 8 8 8 8 8 8 8 8 8 8 8 8 8 8 8 8 8 8 8 8 8 8 ,,0: ,
1835114,Joking Twins,0.857601,1,0 17 17 17 17 17 17 17 17 17 17 17 17 17 17 17 17 17 17 17 17 17 17 ,20 20 20 20 20 20 20 20 20 20 20 20 20 20 20 20 20 20 20 20 20 20 20 ,0 0 0 0 0 0 0 0 0 0 0 0 0 0 0 0 0 0 0 0 0 0 0 ,,0: ,
5437693,Pendulums Hospitality,0.981953,0,0 26 26 26 26 26 26 26 26 26 26 26 26 26 26 26 ,21 21 21 21 21 21 21 21 21 21 21 21 21 21 21 21 ,8 8 8 8 8 8 8 8 8 8 8 8 8 8 8 8 ,,0: ,
5083141,Deceit Theirs,0.871068,0,0 19 19 19 19 19 19 19 19 19 19 19 19 19 19 19 19 19 19 19 19 ,18 18 18 18 18 18 18 18 18 18 18 18 18 18 18 18 18 18 18 18 18 ,13 13 13 13 13 13 13 13 13 13 13 13 13 13 13 13 13 13 13 13 13 ,,0: ,
6628887,Beach Romances,1.01512,1,0 13 13 13 13 13 13 13 13 13 13 13 13 13 13 13 13 13 13 13 13 13 13 13 13 13 13 13 13 13 ,18 18 18 18 18 18 18 18 18 18 18 18 18 18 18 18 18 18 18 18 18 18 18 18 18 18 18 18 18 18 ,8 8 8 8 8 8 8 8 8 8 8 8 8 8 8 8 8 8 8 8 8 8 8 8 8 8 8 8 8 8 ,,0: ,
9759462,My Quiet Romance,0.690735,1,0 27 27 27 27 27 27 27 27 27 27 27 27 27 27 ,25 25 25 25 25 25 25 25 25 25 25 25 25 25 25 ,4 4 4 4 4 4 4 4 4 4 4 4 4 4 4 ,,0: ,
2909868,Torch Metal,1.52128,0,0 21 21 21 21 21 21 21 21 21 21 21 21 21 21 21 21 21 21 ,17 17 17 17 17 17 17 17 17 17 17 17 17 17 17 17 17 17 17 ,10 10 10 10 10 10 10 10 10 10 10 10 10 10 10 10 10 10 10 ,,0: ,
5744017,Ron Nor,1.0005,1,0 22 22 22 22 22 22 22 22 22 22 22 22 22 22 22 22 22 ,17 17 17 17 17 17 17 17 17 17 17 17 17 17 17 17 17 17 ,5 5 5 5 5 5 5 5 5 5 5 5 5 5 5 5 5 5 ,,0: ,
3766791,The Memberships Lemon,1.17894,0,0 18 18 18 18 18 18 18 18 18 18 18 18 18 18 18 18 18 18 18 18 18 ,16 16 16 16 16 16 16 16 16 16 16 16 16 16 16 16 16 16 16 16 16 16 ,5 5 5 5 5 5 5 5 5 5 5 5 5 5 5 5 5 5 5 5 5 5 ,,0: ,
3582130,Spiffing Dream and a Pinch of Compass,0.92578,1,0 12 12 12 12 12 12 12 12 12 12 12 12 12 12 12 12 12 12 12 12 12 12 12 12 12 12 12 12 12 12 12 ,25 25 25 25 25 25 25 25 25 25 25 25 25 25 25 25 25 25 25 25 25 25 25 25 25 25 25 25 25 25 25 25 ,2 2 2 2 2 2 2 2 2 2 2 2 2 2 2 2 2 2 2 2 2 2 2 2 2 2 2 2 2 2 2 2 ,,0: ,
8359054,Parabola Chairperson,1.09642,1,0 19 19 19 19 19 19 19 19 19 19 19 19 19 19 19 19 19 19 19 19 ,18 18 18 18 18 18 18 18 18 18 18 18 18 18 18 18 18 18 18 18 18 ,16 16 16 16 16 16 16 16 16 16 16 16 16 16 16 16 16 16 16 16 16 ,,0: ,
8166477,Bring Me the Monkeys,0.880131,0,0 12 12 12 12 12 12 12 12 12 12 12 12 12 12 12 12 12 12 12 12 12 12 12 12 12 12 12 12 12 12 12 ,10 10 10 10 10 10 10 10 10 10 10 10 10 10 10 10 10 10 10 10 10 10 10 10 10 10 10 10 10 10 10 10 ,7 7 7 7 7 7 7 7 7 7 7 7 7 7 7 7 7 7 7 7 7 7 7 7 7 7 7 7 7 7 7 7 ,,0: ,
